emb,k,sil,nmi_taxo,consist,min_size
lsa,6,0.027847090642327325,0.2742120394143218,0.8902654867256637,42
lsa,8,0.03483656219373003,0.29017235826424254,0.8973451327433628,42
lsa,10,0.03994312553750755,0.30335402092801017,0.8849557522123894,42
lsa,12,0.046441980212940846,0.3369145481762873,0.8725663716814159,42
lsa,15,0.050736105334448466,0.3305645005069261,0.8672566371681416,37
lsa,18,0.056321042574380746,0.34731875993050576,0.8902654867256637,42
lsa,21,0.06195328124989418,0.35034751134870634,0.8548672566371681,21
lsa,24,0.06864084832184068,0.3599234719004458,0.8707964601769912,24
lsa,28,0.07240107682985622,0.3795525938875736,0.879646017699115,22
lsa,32,0.08226080354502148,0.3693347735567233,0.8761061946902655,15
lsa,36,0.09089504480641958,0.39584491222471047,0.8601769911504424,12
w2v,6,0.0694333499794182,0.2422494904267114,0.7911504424778761,154
w2v,8,0.07253015032239597,0.2654601199012036,0.784070796460177,142
w2v,10,0.059533687853929734,0.27710975556591383,0.7805309734513274,124
w2v,12,0.06658860823278832,0.3064219643547305,0.7451327433628319,89
w2v,15,0.06505030090413923,0.3426764793760402,0.7663716814159292,73
w2v,18,0.06664016730130891,0.348005205385802,0.7575221238938054,58
w2v,21,0.06457086382688909,0.3447804909205068,0.7415929203539823,50
w2v,24,0.06750833901038746,0.3541178622704991,0.7132743362831858,22
w2v,28,0.06940834957895597,0.35282247999257116,0.7150442477876107,8
w2v,32,0.06786886026521491,0.3828345809844206,0.7345132743362832,13
w2v,36,0.063274190714252,0.37224188798162516,0.7026548672566372,6
hyb,6,0.030048752201813137,0.2931120888128947,0.8460176991150442,116
hyb,8,0.02844062394255013,0.3465661816835365,0.8619469026548673,100
hyb,10,0.03274211866407253,0.3237526776592944,0.8336283185840708,42
hyb,12,0.04083366078487215,0.3254253684628284,0.8283185840707965,42
hyb,15,0.04625877707938355,0.34469228345029107,0.8424778761061947,42
hyb,18,0.0530405565281725,0.37247406604222266,0.8672566371681416,42
hyb,21,0.05623258036715747,0.360100680527402,0.8353982300884956,18
hyb,24,0.06269106563818613,0.37624680611713895,0.8389380530973451,39
hyb,28,0.0699796280143373,0.37941439205354943,0.8477876106194691,12
hyb,32,0.07733515409926286,0.3812681590833107,0.8601769911504424,14
hyb,36,0.08219693856130621,0.4001430250235506,0.8690265486725663,12
