소관,A. 기술개발(R&D),B. 실증·상용화·기술사업화,C. 창업·벤처 육성,D. 수출·해외진출,E. 자금공급(융자·보증·투자),F. 시설·설비 투자,G. 인력양성,H. 고용·노동환경,I. 경영·사업화 서비스,J. 복합·기반조성(기타),합계
중소벤처기업부,780428.0,457669.0,1614749.0,898937.0,8117154.0,0.0,160205.0,24766.0,487756.0,818378.0,13360042.0
금융위원회,0.0,0.0,0.0,0.0,3659836.0,0.0,0.0,0.0,0.0,0.0,3659836.0
산업통상부,2421931.0,23115.0,8758.0,419488.0,520527.0,9610.0,5412.0,0.0,8551.0,78254.0,3495646.0
고용노동부,0.0,0.0,30000.0,0.0,540872.0,0.0,6456.0,2731668.0,81722.0,3659.0,3394377.0
기후에너지환경부,570759.0,73573.0,21873.0,110275.0,984761.0,651299.0,6360.0,0.0,18346.0,165864.0,2603110.0
문화체육관광부,47150.0,600.0,70952.0,187643.0,953259.0,4110.0,26552.0,0.0,2484.0,135697.0,1428447.0
농림축산식품부,36580.0,64401.0,500.0,661881.0,321328.0,89988.0,0.0,1948.0,4883.0,7396.0,1188905.0
과학기술정보통신부,384925.0,115531.0,33203.0,45644.0,11122.0,15037.0,62036.0,0.0,56058.0,128370.0,851926.0
해양수산부,30576.0,25000.0,9160.0,168143.0,88.0,124400.0,1100.0,2020.0,0.0,13500.0,373987.0
보건복지부,0.0,13000.0,1914.0,0.0,4000.0,0.0,156141.0,0.0,0.0,57841.0,232896.0
국토교통부,38279.0,19030.0,6822.0,3888.0,36700.0,0.0,0.0,0.0,0.0,9250.0,113969.0
조달청,8000.0,62400.0,0.0,4299.0,0.0,0.0,0.0,0.0,0.0,20000.0,94699.0
지식재산처,30216.0,29882.0,0.0,2674.0,0.0,0.0,0.0,0.0,7768.0,4491.0,75031.0
식품의약품안전처,0.0,15375.0,0.0,0.0,0.0,3334.0,0.0,0.0,0.0,1972.0,20681.0
우주항공청,14228.0,0.0,3200.0,1000.0,0.0,0.0,2000.0,0.0,0.0,0.0,20428.0
행정안전부,8265.0,1200.0,0.0,1230.0,0.0,0.0,0.0,4650.0,0.0,4905.0,20250.0
산림청,0.0,4500.0,0.0,3088.0,0.0,0.0,0.0,0.0,0.0,0.0,7588.0
기상청,0.0,0.0,0.0,3485.0,0.0,0.0,0.0,0.0,0.0,0.0,3485.0
방송미디어통신위원회,0.0,0.0,0.0,0.0,0.0,0.0,0.0,0.0,2111.0,0.0,2111.0
성평등가족부,0.0,0.0,0.0,0.0,0.0,0.0,0.0,2070.0,0.0,0.0,2070.0
교육부,0.0,0.0,0.0,1660.0,0.0,0.0,0.0,0.0,0.0,0.0,1660.0
국가유산청,0.0,0.0,0.0,0.0,0.0,0.0,0.0,0.0,360.0,0.0,360.0
