소관,A. 기술개발(R&D),B. 기술사업화·실증·보급,C. 창업·벤처 육성,D. 수출·해외진출,E. 경영안정·정책금융,F. 시설·설비투자(녹색전환),G. 인력양성·직업훈련,H. 고용창출·고용안정·노동환경,I. 경영혁신 서비스,J. 산업·지역 생태계 기반조성,합계
중소벤처기업부,32,12,28,8,21,1,11,2,23,3,141
산업통상부,70,5,2,16,4,0,6,1,12,14,130
과학기술정보통신부,39,14,10,12,0,0,5,0,7,9,96
기후에너지환경부,25,11,0,8,3,17,0,5,3,0,72
농림축산식품부,15,1,6,16,11,3,0,0,6,2,60
고용노동부,0,0,0,0,0,0,9,27,0,6,42
문화체육관광부,2,1,7,1,5,0,1,1,2,15,35
해양수산부,10,2,3,2,2,0,1,1,1,0,22
국토교통부,4,3,2,3,0,2,0,0,0,0,14
행정안전부,4,0,0,0,0,0,0,0,5,1,10
지식재산처,0,1,1,0,0,1,0,0,5,0,8
보건복지부,0,1,2,1,0,0,1,0,0,3,8
금융위원회,0,0,0,2,5,0,0,0,0,0,7
식품의약품안전처,0,1,0,0,0,0,0,0,5,0,6
우주항공청,3,2,0,0,0,0,0,0,0,0,5
조달청,0,3,0,1,0,0,0,0,0,0,4
방송미디어통신위원회,1,0,1,0,0,0,0,0,1,0,3
산림청,1,0,0,2,0,0,0,0,0,0,3
기상청,0,1,0,1,0,0,0,0,0,0,2
국가유산청,0,0,0,0,0,0,0,0,0,1,1
교육부,0,0,0,0,0,0,0,0,1,0,1
성평등가족부,0,0,0,0,0,0,0,1,0,0,1
