소관,1위유형,1위유형비중(%),예산(억원),유형수
중소벤처기업부,E. 경영안정·정책금융,43.5,133601.0,10
금융위원회,E. 경영안정·정책금융,99.7,36598.0,2
산업통상부,A. 기술개발(R&D),68.4,34957.0,9
고용노동부,H. 고용창출·고용안정·노동환경,78.2,33944.0,3
기후에너지환경부,F. 시설·설비투자(녹색전환),63.7,26030.0,7
문화체육관광부,E. 경영안정·정책금융,66.2,14284.0,9
농림축산식품부,D. 수출·해외진출,55.1,11889.0,8
과학기술정보통신부,A. 기술개발(R&D),51.3,8518.0,7
해양수산부,D. 수출·해외진출,42.6,3739.0,8
보건복지부,J. 산업·지역 생태계 기반조성,76.1,2329.0,5
국토교통부,A. 기술개발(R&D),39.6,1139.0,5
조달청,B. 기술사업화·실증·보급,95.5,947.0,2
지식재산처,I. 경영혁신 서비스,76.3,751.0,4
식품의약품안전처,B. 기술사업화·실증·보급,72.5,207.0,2
우주항공청,A. 기술개발(R&D),85.3,204.0,2
행정안전부,A. 기술개발(R&D),47.0,202.0,3
산림청,A. 기술개발(R&D),59.2,76.0,2
기상청,B. 기술사업화·실증·보급,60.0,35.0,2
성평등가족부,H. 고용창출·고용안정·노동환경,100.0,21.0,1
방송미디어통신위원회,A. 기술개발(R&D),50.0,20.0,3
교육부,I. 경영혁신 서비스,100.0,17.0,1
국가유산청,J. 산업·지역 생태계 기반조성,100.0,4.0,1
