유형명,보조(혼합),융자,직접,출연,출연·보조 혼합,출자·투자,합계
A. 기술개발(R&D),304.0,0.0,19.0,49185.0,388.0,0.0,49896.0
B. 기술사업화·실증·보급,2421.0,8066.0,1127.0,3142.0,4552.0,0.0,19308.0
C. 창업·벤처 육성,860.0,13058.0,1505.0,9608.0,7384.0,335.0,32750.0
D. 수출·해외진출,7087.0,9868.0,4116.0,1066.0,908.0,97.0,23142.0
E. 경영안정·정책금융,9499.0,58702.0,38037.0,3379.0,338.0,0.0,109955.0
F. 시설·설비투자(녹색전환),3619.0,7024.0,207.0,0.0,693.0,6480.0,18023.0
G. 인력양성·직업훈련,2519.0,0.0,298.0,1188.0,4656.0,0.0,8661.0
H. 고용창출·고용안정·노동환경,543.0,12.0,14608.0,6153.0,5511.0,0.0,26827.0
I. 경영혁신 서비스,5068.0,6425.0,381.0,359.0,471.0,0.0,12704.0
J. 산업·지역 생태계 기반조성,5260.0,190.0,238.0,1609.0,745.0,205.0,8247.0
