사업키,소관,세부사업명,내역사업명,최종유형,연도별배정,예산2026
문화체육관광부|스포츠산업활성화지원|기업경영지원,문화체육관광부,스포츠산업활성화 지원,기업경영지원,J1 지역산업·클러스터 육성,2026:D1,238.23
농림축산식품부|식품외식종합자금|농공상융합형중소기업육성,농림축산식품부,식품외식종합자금(융자),농공상융합형 중소기업육성,J2 산업 생태계·플랫폼·인프라,2026:E3,190.4
기후에너지환경부|물산업클러스터운영|국가물산업클러스터기업지원,기후에너지환경부,물산업클러스터 운영,국가물산업클러스터 기업지원,D3 산업별 해외진출·국제협력,2026:C1,127.7
산업통상부|지능형로봇보급및확산|기업성장성강화,산업통상부,지능형로봇보급 및 확산,기업성장성 강화,B2 실증·상용화·공공수요 연계,2026:I1,97.88
문화체육관광부|지역신문발전지원|지역신문역량지원,문화체육관광부,지역신문발전지원,지역신문역량지원,J1 지역산업·클러스터 육성,2026:G2,77.49
농림축산식품부|종자산업활성화지원|종자산업,농림축산식품부,종자산업활성화지원,종자산업,J2 산업 생태계·플랫폼·인프라,2026:D1,68.99
금융위원회|핀테크지원사업|디지털금융혁신지원,금융위원회,핀테크 지원 사업,디지털 금융혁신 지원,D3 산업별 해외진출·국제협력,2026:C2;2025:J2,63.26
중소벤처기업부|기업인력애로센터활용취업지원|기업인력애로센터활용취업지원,중소벤처기업부,기업인력애로센터활용취업지원,기업인력애로센터활용취업지원,G2 산업 전문인력·재직자 교육,2026:H1;2023:I1,51.64
산업통상부|뿌리산업경쟁력강화지원|특화단지지원,산업통상부,뿌리산업경쟁력강화지원,특화단지 지원,J2 산업 생태계·플랫폼·인프라,2026:H3;2025:H3,47.49
기후에너지환경부|물산업진흥및물기업육성|혁신형물기업지정지원,기후에너지환경부,물산업 진흥 및 물기업 육성,혁신형 물기업 지정·지원,D3 산업별 해외진출·국제협력,2026:B2,45.0
중소벤처기업부|원스톱기업애로종합지원|기업애로전문가상담,중소벤처기업부,원스톱기업애로종합지원,기업애로전문가상담,I1 컨설팅·인증·디자인·지식재산,2026:I3,38.21
과학기술정보통신부|지속가능한데이터센터산업발전지원|지속가능한데이터센터산업발전지원,과학기술정보통신부,지속가능한데이터센터산업발전지원,지속가능한데이터센터산업발전지원,B2 실증·상용화·공공수요 연계,2026:B3,34.5
농림축산식품부|기능성식품산업육성|식품기능성평가지원,농림축산식품부,기능성식품산업육성,식품기능성평가지원,A1 산업·원천기술개발,2026:B2;2025:I1,29.89
기후에너지환경부|자원순환촉진지원|순환경제성과관리제도운영,기후에너지환경부,자원순환촉진지원(지역지원),순환경제 성과관리 제도 운영,H3 안전보건·작업환경 개선,2026:I1,23.97
과학기술정보통신부|데이터활용의료건강생태계조성|인공지능기반의료기기사업화,과학기술정보통신부,데이터활용의료·건강생태계조성,인공지능기반의료기기사업화,B2 실증·상용화·공공수요 연계,2026:A1,15.0
과학기술정보통신부|지능정보네트워크용광통신부품상용화실증확산|지능정보네트워크용광통신부품상용화실증확산,과학기술정보통신부,지능정보네트워크용광통신부품상용화실증확산,지능정보네트워크용광통신부품상용화실증확산,I1 컨설팅·인증·디자인·지식재산,2026:A3,14.64
과학기술정보통신부|디지털융합보안기반확충|디지털안전선도모델개발,과학기술정보통신부,디지털융합보안기반확충,디지털안전선도모델개발,A3 산학연 협력·연구기반 구축,2026:B2,12.43
국토교통부|스마트시티확산사업|혁신생태계조성지원,국토교통부,스마트시티확산사업,혁신생태계 조성지원,B2 실증·상용화·공공수요 연계,2026:B3,11.5
기후에너지환경부|생활주변미세먼지관리사업|가스히트펌프냉난방기개조지원사업,기후에너지환경부,생활주변 미세먼지 관리사업,가스히트펌프 냉 난방기 개조지원사업,H3 안전보건·작업환경 개선,2026:F2;2024:G2,11.46
방송미디어통신위원회|지역밀착형방송광고활성화기반구축|방송광고제작및송출지원,방송미디어통신위원회,지역밀착형 방송광고 활성화 기반 구축,방송광고 제작 및 송출지원,A3 산학연 협력·연구기반 구축,2026:I1,10.28
과학기술정보통신부|데이터활용의료건강생태계조성|인공지능기반의료솔루션사업화,과학기술정보통신부,데이터활용의료·건강생태계조성,인공지능기반의료솔루션사업화,B2 실증·상용화·공공수요 연계,2026:A1,10.0
문화체육관광부|문화중심도시육성|국제문화창의산업전,문화체육관광부,문화중심도시육성(지자체),국제문화창의산업전,H1 고용창출·청년고용 장려,2026:D1,8.8
과학기술정보통신부|차세대방송미디어산업선도기반조성|미디어선도기업육성,과학기술정보통신부,차세대방송미디어산업선도기반조성,미디어선도기업육성,A3 산학연 협력·연구기반 구축,2026:D1,6.92
과학기술정보통신부|국제IT협력프로젝트운영|국제IT협력프로젝트운영,과학기술정보통신부,국제IT협력프로젝트운영,국제IT협력프로젝트운영,D3 산업별 해외진출·국제협력,2026:I1,6.07
과학기술정보통신부|ICT융합제조운영체제개발및실증|ICT융합제조운영체제개발및실증,과학기술정보통신부,ICT융합제조운영체제개발및실증,ICT융합제조운영체제개발및실증,A1 산업·원천기술개발,2024:J2,0.0
과학기술정보통신부|XaaS선도프로젝트|XaaS선도프로젝트기획지원,과학기술정보통신부,XaaS선도프로젝트,XaaS선도프로젝트기획지원,G1 사업주 직업훈련 지원,2025:B2,0.0
과학기술정보통신부|XaaS선도프로젝트|XaaS선도프로젝트개발지원,과학기술정보통신부,XaaS선도프로젝트,XaaS선도프로젝트개발지원,I1 컨설팅·인증·디자인·지식재산,2025:B2,0.0
과학기술정보통신부|KHERO육성지원|글로벌선도연구소육성,과학기술정보통신부,K-HERO육성·지원,글로벌선도연구소육성,A1 산업·원천기술개발,2025:J2,0.0
농림축산식품부|2025축산현안대응산업화기술개발|축산시설환경개선,농림축산식품부,2025축산현안대응산업화기술개발(R&D),축산시설·환경개선,A1 산업·원천기술개발,2025:E3,0.0
금융위원회|핀테크지원사업|핀테크기업육성지원,금융위원회,핀테크지원사업,핀테크기업육성지원,D3 산업별 해외진출·국제협력,2025:J2,0.0
과학기술정보통신부|스마트서비스창출기반확충|국내우수중소기업혁신기술전시지원,과학기술정보통신부,스마트서비스창출기반확충,국내우수중소기업혁신기술전시지원,J2 산업 생태계·플랫폼·인프라,2025:D3,0.0
과학기술정보통신부|스페이스이노베이션|스페이스이노베이션,과학기술정보통신부,스페이스이노베이션,스페이스이노베이션,A1 산업·원천기술개발,2024:C1,0.0
과학기술정보통신부|기업부설연구소및원스톱서비스운영지원|수요발굴지원단운영,과학기술정보통신부,기업부설연구소및원스톱서비스운영·지원(R&D),수요발굴지원단운영,B1 기술사업화·제품화,2024:A1,0.0
농림축산식품부|고부가가치식품기술개발|스마트유통관리,농림축산식품부,고부가가치식품기술개발(R&D),스마트유통관리,A1 산업·원천기술개발,2025:I2,0.0
농림축산식품부|고부가가치식품기술개발|식품품질안전,농림축산식품부,고부가가치식품기술개발(R&D),식품품질안전,A1 산업·원천기술개발,2025:I1,0.0
과학기술정보통신부|우주개발기반조성및성과확산사업|우주기술산업화및수출지원,과학기술정보통신부,우주개발기반조성및성과확산사업(R&D),우주기술산업화및수출지원,D1 해외마케팅·수출바우처,2024:A1,0.0
과학기술정보통신부|디지털콘텐츠기업경쟁력강화|디지털콘텐츠글로벌역량강화,과학기술정보통신부,디지털콘텐츠기업경쟁력강화,디지털콘텐츠글로벌역량강화,D1 해외마케팅·수출바우처,2023:J2,0.0
농림축산식품부|전통발효식품육성|김치산업육성,농림축산식품부,전통발효식품육성,김치산업육성,E3 원료구매·수급안정 자금,2025:J2,0.0
농림축산식품부|밭농업기계화촉진기술개발|현장맞춤형농기계성능고도화,농림축산식품부,밭농업기계화촉진기술개발(R&D),현장맞춤형농기계성능고도화,A1 산업·원천기술개발,2025:I1,0.0
농림축산식품부|기술사업화지원|기술사업화지원,농림축산식품부,기술사업화지원(R&D),기술사업화지원,A1 산업·원천기술개발,2025:B1,0.0
농림축산식품부|국제협력기반수출농업경쟁력강화기술개발|전략품목수출활성화,농림축산식품부,국제협력기반수출농업경쟁력강화기술개발(R&D),전략품목수출활성화,A1 산업·원천기술개발,2025:D1,0.0
농림축산식품부|국가식품산업클러스터|비즈니스지원활성화,농림축산식품부,국가식품산업클러스터,비즈니스지원활성화,C1 창업사업화·초기성장,2025:J2,0.0
농림축산식품부|국제협력기반수출농업경쟁력강화기술개발|농식품자원세계화,농림축산식품부,국제협력기반수출농업경쟁력강화기술개발(R&D),농식품자원세계화,A1 산업·원천기술개발,2025:D3,0.0
농림축산식품부|고부가가치식품기술개발|차세대식품가공,농림축산식품부,고부가가치식품기술개발(R&D),차세대식품가공,A1 산업·원천기술개발,2025:E3,0.0
농림축산식품부|국가식품산업클러스터|기업기술지원,농림축산식품부,국가식품산업클러스터,기업기술지원,D1 해외마케팅·수출바우처,2024:I1;2023:A1,0.0
농림축산식품부|고부가가치식품기술개발|물류유통자동화,농림축산식품부,고부가가치식품기술개발(R&D),물류유통자동화,A1 산업·원천기술개발,2025:I2,0.0
문화체육관광부|영화창제작지원|영화제작지원,문화체육관광부,영화창제작지원,영화제작지원,D3 산업별 해외진출·국제협력,2025:J2;2024:J2,0.0
산업통상부|몬트리올의정서대응|특정물질기술지원및관리체계구축,산업통상부,몬트리올의정서대응,특정물질기술지원및관리체계구축,J2 산업 생태계·플랫폼·인프라,2024:A1;2023:I1,0.0
산업통상부|xEV보호차체얼라이언스기업지원플랫폼구축|xEV보호차체얼라이언스기업지원플랫폼구축,산업통상부,xEV보호차체얼라이언스기업지원플랫폼구축,xEV보호차체얼라이언스기업지원플랫폼구축,I1 컨설팅·인증·디자인·지식재산,2024:J2;2023:J2,0.0
산업통상부|뿌리산업경쟁력강화지원|지능형뿌리공정시스템구축,산업통상부,뿌리산업경쟁력강화지원,"지능형뿌리공정
시스템구축",J2 산업 생태계·플랫폼·인프라,2025:H3,0.0
농림축산식품부|전통발효식품육성|전통식품산업육성,농림축산식품부,전통발효식품육성,전통식품산업육성,E3 원료구매·수급안정 자금,2025:I1,0.0
농림축산식품부|종자산업활성화지원|민간육종가지원,농림축산식품부,종자산업활성화지원,민간육종가지원,D1 해외마케팅·수출바우처,2025:J2,0.0
농림축산식품부|전통발효식품육성|한국술산업육성,농림축산식품부,전통발효식품육성,한국술산업육성,E3 원료구매·수급안정 자금,2025:J2,0.0
산업통상부|수요맞춤형바이오원부자재제조경쟁력강화|글로벌진출형원부자재제조및검증,산업통상부,수요맞춤형바이오원부자재제조경쟁력강화,글로벌진출형원부자재제조및검증,A1 산업·원천기술개발,2025:D3,0.0
산업통상부|소부장공급망안정종합지원|수입선다변화지원,산업통상부,소부장공급망안정종합지원,수입선다변화지원,J2 산업 생태계·플랫폼·인프라,2025:E3;2024:E3;2023:I1,0.0
산업통상부|산학융합지구조성사업|산학융합촉진지원,산업통상부,산학융합지구조성사업(R&D),산학융합촉진지원,G2 산업 전문인력·재직자 교육,2023:A1,0.0
산업통상부|에너지국제공동연구|글로벌기술협력플랫폼,산업통상부,에너지국제공동연구(R&D),글로벌기술협력플랫폼,A1 산업·원천기술개발,2024:D3,0.0
산업통상부|중견중소기업상생형혁신도약사업|중견중소기업상생형혁신도약사업,산업통상부,중견중소기업상생형혁신도약사업,중견중소기업상생형혁신도약사업,A2 중소기업 전용 R&D,2025:G1,0.0
중소벤처기업부|규제자유특구혁신사업육성|규제자유특구혁신사업육성,중소벤처기업부,규제자유특구혁신사업육성,규제자유특구혁신사업육성,A2 중소기업 전용 R&D,2024:B2;2023:I1,0.0
산업통상부|에너지국제공동연구|에너지기술선도국제공동연구,산업통상부,에너지국제공동연구(R&D),에너지기술선도국제공동연구,A1 산업·원천기술개발,2024:D3,0.0
산업통상부|에너지국제공동연구|글로벌시장개척국제공동연구,산업통상부,에너지국제공동연구(R&D),글로벌시장개척국제공동연구,A1 산업·원천기술개발,2024:D1,0.0
중소벤처기업부|기술혁신기반조성|ASEIC운영,중소벤처기업부,기술혁신기반조성,ASEIC운영,C1 창업사업화·초기성장,2024:J2;2023:J2,0.0
중소벤처기업부|기술경영지도|기술경영지도지원,중소벤처기업부,기술·경영지도,기술·경영지도지원,C1 창업사업화·초기성장,2023:E2,0.0
중소벤처기업부|기술혁신기반조성|중소기업기술탈취근절,중소벤처기업부,기술혁신기반조성,중소기업기술탈취근절,A3 산학연 협력·연구기반 구축,2024:J2;2023:J2,0.0
중소벤처기업부|기술혁신기반조성|기술보호선도기업육성및피해회복지원,중소벤처기업부,기술혁신기반조성,기술보호선도기업육성및피해회복지원,J2 산업 생태계·플랫폼·인프라,2025:B1,0.0
중소벤처기업부|매출채권보험계정출연|매출채권보험계정출연,중소벤처기업부,매출채권보험계정출연,매출채권보험계정출연,E2 신용보증·대위변제,2023:H3,0.0
중소벤처기업부|소상공인성장지원|소상공인협업활성화,중소벤처기업부,소상공인성장지원,소상공인협업활성화,I3 소상공인 경영역량·디지털화,2025:I2;2024:G1,0.0
중소벤처기업부|원스톱기업애로종합지원|현장클리닉,중소벤처기업부,원스톱기업애로종합지원,현장클리닉,I1 컨설팅·인증·디자인·지식재산,2023:D1,0.0
해양수산부|스마트선박용수로정보표준개발|스마트선박용수로정보표준개발,해양수산부,스마트선박용수로정보표준개발,스마트선박용수로정보표준개발,A1 산업·원천기술개발,2025:I1;2023:I1,0.0
