유형명,중분류명,소관,세부사업명,내역사업명,억원,지원형태
E. 경영안정·정책금융,E2 신용보증·대위변제,금융위원회,일반보증 대위변제,일반보증대위변제,26939.4,직접
E. 경영안정·정책금융,E1 운전·경영안정자금 융자,중소벤처기업부,소상공인지원(융자),특별경영안정자금,13500.0,융자
C. 창업·벤처 육성,C1 창업사업화·초기성장,중소벤처기업부,혁신창업사업화자금(융자),창업기반지원,13058.0,융자
E. 경영안정·정책금융,E1 운전·경영안정자금 융자,중소벤처기업부,소상공인지원(융자),일반경영안정자금,12200.0,융자
A. 기술개발(R&D),A1 산업·원천기술개발,산업통상부,소재부품기술개발(R&D),소재부품패키지형,9282.1,출연
H. 고용창출·고용안정·노동환경,H1 고용창출·청년고용 장려,고용노동부,청년일자리창출지원,청년일자리도약장려금,9079.59,직접
E. 경영안정·정책금융,E1 운전·경영안정자금 융자,중소벤처기업부,소상공인지원(융자),성장기반자금,7920.0,융자
C. 창업·벤처 육성,C1 창업사업화·초기성장,중소벤처기업부,창업성장기술개발(R&D),TIPS,6683.91,출연
F. 시설·설비투자(녹색전환),F1 에너지·환경 설비투자 융자,기후에너지환경부,신재생에너지금융지원(융자),생산및시설자금,6480.0,직접;출자;출연;보조;융자
E. 경영안정·정책금융,E1 운전·경영안정자금 융자,문화체육관광부,관광산업 융자지원(융자),관광사업체 융자지원,6375.0,보조;융자
E. 경영안정·정책금융,E4 소상공인 비용경감·재기지원,중소벤처기업부,소상공인성장지원,소상공인경영안정바우처,5790.05,보조
H. 고용창출·고용안정·노동환경,H3 안전보건·작업환경 개선,고용노동부,산재예방시설융자(융자),산재예방시설융자(융자),5388.4,출연;융자
E. 경영안정·정책금융,E1 운전·경영안정자금 융자,중소벤처기업부,신성장기반자금(융자),혁신성장지원,5107.5,융자
D. 수출·해외진출,D2 수출금융·무역보험,농림축산식품부,농식품글로벌육성지원자금(융자),운영,5000.0,융자
E. 경영안정·정책금융,E2 신용보증·대위변제,금융위원회,유동화회사보증 대위변제,유동화회사보증대위변제,4384.46,직접
B. 기술사업화·실증·보급,B3 제조 디지털전환·스마트공장 보급,중소벤처기업부,신성장기반자금(융자),제조현장스마트화,4166.1,융자
D. 수출·해외진출,D2 수출금융·무역보험,산업통상부,무역보험금지급,무역보험금지급,4000.21,직접
H. 고용창출·고용안정·노동환경,H2 고용유지·고용안정 장려,고용노동부,고용안정장려금,출산육아기 고용안정장려금,3594.88,직접
A. 기술개발(R&D),A1 산업·원천기술개발,산업통상부,소재부품기술개발(R&D),소재부품투자연계,3441.24,출연
H. 고용창출·고용안정·노동환경,H3 안전보건·작업환경 개선,고용노동부,클린사업장조성지원,안전동행지원사업,3320.0,출연
B. 기술사업화·실증·보급,B3 제조 디지털전환·스마트공장 보급,중소벤처기업부,ICT융합스마트공장보급·확산,제조혁신구축지원,3172.9,직접;출연;보조
I. 경영혁신 서비스,I4 사업전환·재도약,중소벤처기업부,재도약지원자금(융자),사업전환자금,3125.0,융자
B. 기술사업화·실증·보급,B1 기술사업화·제품화,중소벤처기업부,혁신창업사업화자금(융자),개발기술사업화,3000.0,융자
F. 시설·설비투자(녹색전환),F1 에너지·환경 설비투자 융자,기후에너지환경부,미래환경산업육성융자,미래환경산업육성융자,2971.7,융자
A. 기술개발(R&D),A2 중소기업 전용 R&D,중소벤처기업부,투·융자연계기술개발(R&D),스케일업팁스,2924.25,출연
A. 기술개발(R&D),A2 중소기업 전용 R&D,중소벤처기업부,중소기업기술혁신개발(R&D),글로벌선도기술개발,2739.93,출연
F. 시설·설비투자(녹색전환),F1 에너지·환경 설비투자 융자,기후에너지환경부,에너지절약시설설치(융자),에너지절약시설설치,2715.1,융자
A. 기술개발(R&D),A2 중소기업 전용 R&D,중소벤처기업부,중소기업기술혁신개발(R&D),중소기업유망기술개발,2202.49,출연
D. 수출·해외진출,D2 수출금융·무역보험,중소벤처기업부,신시장진출지원자금(융자),수출기업글로벌화,2163.78,융자
G. 인력양성·직업훈련,G1 사업주 직업훈련 지원,고용노동부,사업주직업훈련지원금,일반훈련,2102.37,직접;출연;보조
I. 경영혁신 서비스,I4 사업전환·재도약,중소벤처기업부,재도약지원자금(융자),구조개선전용자금,2000.0,융자
A. 기술개발(R&D),A3 산학연 협력·연구기반 구축,산업통상부,소재부품산업기술개발기반구축(R&D),소재부품기술기반혁신,1964.57,출연
C. 창업·벤처 육성,C1 창업사업화·초기성장,중소벤처기업부,창업사업화지원,창업패키지,1951.87,직접;출연;보조
A. 기술개발(R&D),A1 산업·원천기술개발,산업통상부,자동차산업기술개발(R&D),그린카,1619.42,출연
H. 고용창출·고용안정·노동환경,H3 안전보건·작업환경 개선,고용노동부,클린사업장조성지원,안전일터조성지원,1606.07,출연
D. 수출·해외진출,D2 수출금융·무역보험,해양수산부,우수수산물지원(융자),우수수산물지원,1563.93,융자
G. 인력양성·직업훈련,G1 사업주 직업훈련 지원,고용노동부,국가인적자원개발컨소시엄지원,산업맞춤형,1548.4,보조
D. 수출·해외진출,D1 해외마케팅·수출바우처,산업통상부,수출지원기반활용(산업부),통합지원사업,1543.12,보조
D. 수출·해외진출,D1 해외마케팅·수출바우처,중소벤처기업부,수출지원기반활용사업,수출바우처,1502.03,보조
C. 창업·벤처 육성,C1 창업사업화·초기성장,중소벤처기업부,창업사업화지원,초격차스타트업프로젝트,1456.22,직접;출연;보조
F. 시설·설비투자(녹색전환),F2 온실가스 감축설비·생태공장,기후에너지환경부,탄소중립 설비투자 지원(환경부),온실가스 감축기반 구축,1346.34,직접;보조
G. 인력양성·직업훈련,G1 사업주 직업훈련 지원,고용노동부,산업현장일학습병행지원,일학습병행훈련비,1292.77,직접;출연;보조
C. 창업·벤처 육성,C1 창업사업화·초기성장,중소벤처기업부,민관협력창업자육성,민관공동창업자발굴육성,1236.56,출연;보조
J. 산업·지역 생태계 기반조성,J2 산업 생태계·플랫폼·인프라,보건복지부,바이오헬스산업 육성 지원,제약산업 경쟁력 강화,1194.18,직접;보조
C. 창업·벤처 육성,C1 창업사업화·초기성장,중소벤처기업부,창업성장기술개발(R&D),디딤돌,1180.28,출연
A. 기술개발(R&D),A1 산업·원천기술개발,기후에너지환경부,에너지수요관리핵심기술개발(R&D),에너지효율혁신기술개발,1156.23,출연
C. 창업·벤처 육성,C1 창업사업화·초기성장,중소벤처기업부,창업성공패키지,창업성공패키지,1025.31,직접
D. 수출·해외진출,D2 수출금융·무역보험,중소벤처기업부,신시장진출지원자금(융자),내수기업수출기업화,1000.0,융자
I. 경영혁신 서비스,I4 사업전환·재도약,중소벤처기업부,재도약지원자금(융자),재창업자금,1000.0,융자
B. 기술사업화·실증·보급,B3 제조 디지털전환·스마트공장 보급,중소벤처기업부,소공인특화지원,스마트제조지원,980.0,보조
F. 시설·설비투자(녹색전환),F1 에너지·환경 설비투자 융자,중소벤처기업부,신성장기반자금(융자),Net-Zero유망기업,937.5,융자
B. 기술사업화·실증·보급,B1 기술사업화·제품화,산업통상부,국가첨단전략산업기술혁신융자,국가첨단전략산업기술혁신 융자,900.0,융자
F. 시설·설비투자(녹색전환),F1 에너지·환경 설비투자 융자,기후에너지환경부,전력효율향상,에너지효율시장조성사업,898.59,보조
C. 창업·벤처 육성,C1 창업사업화·초기성장,중소벤처기업부,창업사업화지원,창업중심대학,882.5,직접;출연;보조
D. 수출·해외진출,D3 산업별 해외진출·국제협력,농림축산식품부,농식품글로벌경쟁력강화,농식품우수기업육성,797.95,보조
I. 경영혁신 서비스,I3 소상공인 경영역량·디지털화,중소벤처기업부,소상공인스마트화지원,소상공인온라인판로지원,787.19,보조
F. 시설·설비투자(녹색전환),F2 온실가스 감축설비·생태공장,기후에너지환경부,탄소중립 설비투자 지원(환경부),스마트 생태공장 구축,752.7,직접;보조
H. 고용창출·고용안정·노동환경,H3 안전보건·작업환경 개선,고용노동부,유해작업환경개선,취약계층 고위험 환경 개선지원,716.35,출연
H. 고용창출·고용안정·노동환경,H2 고용유지·고용안정 장려,고용노동부,고용유지지원금,고용유지지원금,702.05,직접
B. 기술사업화·실증·보급,B2 실증·상용화·공공수요 연계,과학기술정보통신부,AI반도체실증지원,국산 AI반도체 조기상용화 지원,686.85,출연
G. 인력양성·직업훈련,G1 사업주 직업훈련 지원,고용노동부,산업현장일학습병행지원,일학습병행공동훈련센터,685.16,직접;출연;보조
I. 경영혁신 서비스,I4 사업전환·재도약,중소벤처기업부,재도약촉진,사업전환촉진,668.45,직접;보조
I. 경영혁신 서비스,I1 컨설팅·인증·디자인·지식재산,중소벤처기업부,중소기업혁신바우처지원사업,중소기업혁신바우처지원사업,652.34,직접;보조
B. 기술사업화·실증·보급,B2 실증·상용화·공공수요 연계,중소벤처기업부,ICT융합스마트공장보급·확산,AI 응용제품 신속 상용화,645.0,직접;출연;보조
J. 산업·지역 생태계 기반조성,J2 산업 생태계·플랫폼·인프라,문화체육관광부,방송영상콘텐츠산업 육성,방송영상콘텐츠제작지원,643.87,보조
B. 기술사업화·실증·보급,B2 실증·상용화·공공수요 연계,조달청,조달물자 구매 및 관리지원(자본),공공혁신조달사업(국내실증),624.0,직접
H. 고용창출·고용안정·노동환경,H2 고용유지·고용안정 장려,고용노동부,고용안정장려금,워라밸일자리 장려금,583.62,직접
J. 산업·지역 생태계 기반조성,J2 산업 생태계·플랫폼·인프라,문화체육관광부,음악산업 및 대중문화산업 육성,음악산업 육성,549.12,직접;보조
J. 산업·지역 생태계 기반조성,J1 지역산업·클러스터 육성,산업통상부,지역혁신클러스터육성(R&D),지역혁신클러스터고도화,540.56,출연
J. 산업·지역 생태계 기반조성,J2 산업 생태계·플랫폼·인프라,문화체육관광부,게임산업 육성,게임기업 육성,515.78,직접;보조
F. 시설·설비투자(녹색전환),F1 에너지·환경 설비투자 융자,기후에너지환경부,사업장 미세먼지 관리사업,소규모사업장 방지시설 설치 지원 사업,448.49,직접;보조
J. 산업·지역 생태계 기반조성,J2 산업 생태계·플랫폼·인프라,보건복지부,바이오헬스산업 육성 지원,화장품산업 경쟁력 강화,441.38,직접;보조
G. 인력양성·직업훈련,G1 사업주 직업훈련 지원,고용노동부,사업주직업훈련지원금,현장맞춤형체계적훈련,358.99,직접;출연;보조
G. 인력양성·직업훈련,G1 사업주 직업훈련 지원,고용노동부,국가인적자원개발컨소시엄지원,하이테크형,356.0,보조
I. 경영혁신 서비스,I3 소상공인 경영역량·디지털화,중소벤처기업부,소상공인스마트화지원,스마트상점기술보급,348.82,보조
I. 경영혁신 서비스,I3 소상공인 경영역량·디지털화,중소벤처기업부,기업가형소상공인육성,혁신소상공인도약지원,341.67,보조
J. 산업·지역 생태계 기반조성,J3 사회적경제·기타,고용노동부,사회적기업육성(지특),일자리창출사업,321.0,보조
G. 인력양성·직업훈련,G2 산업 전문인력·재직자 교육,과학기술정보통신부,지역디지털인재양성,ICT이노베이션스퀘어조성,302.22,출연
J. 산업·지역 생태계 기반조성,J3 사회적경제·기타,고용노동부,사회적기업지원,사회적기업 창업지원,300.0,직접;출연;보조
G. 인력양성·직업훈련,G2 산업 전문인력·재직자 교육,중소벤처기업부,산학협력인력양성,중소기업특성화고인력양성,276.37,보조
