중분류코드,대분류코드,대분류,중분류,정의
A1,A,기술개발(R&D),산업·원천기술개발,부처 주도 산업기술·원천기술 R&D(출연연·대학·기업 컨소시엄)
A2,A,기술개발(R&D),중소기업 전용 R&D,"중소기업이 주관하는 기술개발 과제 지원(기술혁신개발, 상용화기술개발, 지역주력산업 R&D 등)"
A3,A,기술개발(R&D),산학연 협력·연구기반 구축,"산학연 협력 R&D, 연구장비·팹·연구기관 운영 등 연구기반"
B1,B,기술사업화·실증·보급,기술사업화·제품화,"개발·이전된 기술의 제품화·사업화 자금과 서비스(기술사업화 융자, 공공기술 이전·사업화)"
B2,B,기술사업화·실증·보급,실증·상용화·공공수요 연계,"신기술·신제품의 실증, 조기 상용화, 구매조건부·혁신조달 등 수요연계"
B3,B,기술사업화·실증·보급,제조 디지털전환·스마트공장 보급,스마트공장·스마트제조·제조현장 스마트화 등 생산현장 기술 보급
C1,C,창업·벤처 육성,창업사업화·초기성장,"예비창업자·창업기업 사업화 자금, 보육공간, 창업기업 R&D(TIPS·디딤돌), 창업 융자"
C2,C,창업·벤처 육성,글로벌 창업·벤처 스케일업,"창업기업 해외진출 플랫폼, 유니콘·스케일업, 벤처투자 연계"
D1,D,수출·해외진출,해외마케팅·수출바우처,"수출바우처, 해외전시회, 전자상거래 수출, 해외지사화 등 마케팅 서비스"
D2,D,수출·해외진출,수출금융·무역보험,"수출기업 융자, 무역보험, 해외자원개발 융자 등 금융형 수출지원"
D3,D,수출·해외진출,산업별 해외진출·국제협력,"콘텐츠·바이오·환경 등 산업별 해외진출, 국제공동연구, 글로벌 플랫폼"
E1,E,경영안정·정책금융,운전·경영안정자금 융자,"소상공인·중소기업 정책자금(경영안정·성장기반), 긴급경영안정, 관광·산업별 운영자금 융자"
E2,E,경영안정·정책금융,신용보증·대위변제,"신용보증기금·기술보증기금·지역신보 보증, 대위변제, 팩토링·유동화 보증"
E3,E,경영안정·정책금융,원료구매·수급안정 자금,"농식품·수산·사료 원료구매, 수매, 출하·결제자금 등 수급·가격안정 융자"
E4,E,경영안정·정책금융,소상공인 비용경감·재기지원,"경영안정바우처, 전기요금 지원, 희망리턴패키지 등 비용부담 경감·폐업·재기"
F1,F,시설·설비투자(녹색전환),에너지·환경 설비투자 융자,신재생에너지·에너지절약시설·환경산업 설비 융자
F2,F,시설·설비투자(녹색전환),온실가스 감축설비·생태공장,"배출권거래제 대상 감축설비, 스마트생태공장, 탄소중립 설비투자 보조"
F3,F,시설·설비투자(녹색전환),산업입지·시설현대화·지방투자,"노후산단 재생, 지방투자촉진보조금, 산업단지·입지, 가공시설 현대화"
G1,G,인력양성·직업훈련,사업주 직업훈련 지원,"사업주 직업훈련지원금, 일학습병행, 국가인적자원개발컨소시엄 등 고용보험 기반 훈련"
G2,G,인력양성·직업훈련,산업 전문인력·재직자 교육,"특성화고·계약학과, 재직자 연수, 디지털·바이오 등 산업 전문인력 양성"
H1,H,고용창출·고용안정·노동환경,고용창출·청년고용 장려,"청년일자리도약장려금, 청년내일채움공제, 지역주도형 청년일자리, 고용촉진장려금"
H2,H,고용창출·고용안정·노동환경,고용유지·고용안정 장려,"고용유지지원금, 출산육아기 고용안정장려금, 워라밸 장려금, 핵심인력 성과보상"
H3,H,고용창출·고용안정·노동환경,안전보건·작업환경 개선,"산재예방시설 융자, 클린사업장, 유해작업환경 개선, 일터혁신 컨설팅"
I1,I,경영혁신 서비스,컨설팅·인증·디자인·지식재산,"경영·기술 컨설팅, 시험·인증, 디자인, IP 창출, 혁신바우처"
I2,I,경영혁신 서비스,내수 판로·공공구매·유통,"판로개척, 공공구매, 유통망 진출, 홍보·마케팅(내수)"
I3,I,경영혁신 서비스,소상공인 경영역량·디지털화,"소상공인 역량강화 교육·컨설팅, 온라인판로, 스마트상점, 상권·전통시장"
I4,I,경영혁신 서비스,사업전환·재도약,"사업전환 촉진·자금, 재도약·구조개선"
J1,J,산업·지역 생태계 기반조성,지역산업·클러스터 육성,"지역혁신클러스터, 지역특화·주력산업 육성, 지역 일자리·투자 패키지"
J2,J,산업·지역 생태계 기반조성,산업 생태계·플랫폼·인프라,"산업별 종합 육성(콘텐츠·SW·바이오 등), 플랫폼·인프라 구축·운영, 복합지원"
J3,J,산업·지역 생태계 기반조성,사회적경제·기타,"사회적기업·협동조합·마을기업 육성, 기타 분류 곤란"
