id,year,소관,세부사업명,내역사업명,내역예산,중분류,확률,차순위,신뢰,내용문서_출처
8253,2026,중소벤처기업부,소상공인성장지원,소상공인경영안정바우처,579005.0,D3 경영비용 경감·손실 보전(바우처·보상금),0.245,D1 정책자금 융자(운전·시설자금),내용명시 규칙,공고+산출근거
3423,2024,중소벤처기업부,중소기업상용화기술개발(R&D),구매조건부신제품개발,86876.0,A8 실증·상용화·확산(AI·디지털),0.331,A4 바이오·전략기술 개발·사업화,내용기반(저신뢰),목적(대체)
8349,2026,중소벤처기업부,재도약촉진,사업전환촉진,66845.0,H1 컨설팅·교육·마케팅 지원,0.266,D1 정책자금 융자(운전·시설자금),내용기반(저신뢰),공고+산출근거
8627,2026,조달청,조달물자 구매 및 관리지원(자본),공공혁신조달사업(국내실증),62400.0,A8 실증·상용화·확산(AI·디지털),0.284,A4 바이오·전략기술 개발·사업화,내용기반(저신뢰),산출근거
8597,2026,문화체육관광부,음악산업 및 대중문화산업 육성,음악산업 육성,54912.0,C1 수출 마케팅·수출업체 육성,0.185,H1 컨설팅·교육·마케팅 지원,내용기반(저신뢰),공고+산출근거
3239,2024,조달청,조달물자구매및관리지원(자본),공공혁신조달사업,53000.0,A8 실증·상용화·확산(AI·디지털),0.353,A4 바이오·전략기술 개발·사업화,내용기반(저신뢰),목적(대체)
8675,2026,보건복지부,바이오헬스산업 육성 지원,화장품산업 경쟁력 강화,44138.0,F1 전문인력 양성·채용 지원,0.156,A1 산업기술 개발(일반 R&D),내용기반(저신뢰),산출근거
3363,2024,중소벤처기업부,지역특화산업육성+(R&D),지역주력산업육성(R&D),39498.0,A9 기술사업화·기술이전 촉진,0.238,A8 실증·상용화·확산(AI·디지털),내용기반(저신뢰),목적(대체)
5628,2025,중소벤처기업부,재도약촉진,사업전환촉진,37243.0,H1 컨설팅·교육·마케팅 지원,0.266,D1 정책자금 융자(운전·시설자금),내용기반(저신뢰),공고
6148,2025,조달청,조달물자구매및관리지원(자본),공공혁신조달사업(국내실증),35400.0,A8 실증·상용화·확산(AI·디지털),0.306,A4 바이오·전략기술 개발·사업화,내용기반(저신뢰),목적(대체)
8587,2026,문화체육관광부,영화 창제작 지원,영화제작지원,32938.0,H1 컨설팅·교육·마케팅 지원,0.133,H2 디자인 혁신 지원,내용기반(저신뢰),공고+산출근거
3488,2024,중소벤처기업부,상권활성화사업(자율),상권활성화사업(자율),24857.0,H1 컨설팅·교육·마케팅 지원,0.528,B1 창업·벤처 육성,내용기반,목적(대체)
5926,2025,문화체육관광부,스포츠산업활성화지원,기업경영지원,24770.0,B1 창업·벤처 육성,0.274,C1 수출 마케팅·수출업체 육성,내용기반(저신뢰),공고
5515,2025,중소벤처기업부,규제자유특구혁신사업육성(R&D),규제자유특구혁신사업육성(R&D),23491.0,A9 기술사업화·기술이전 촉진,0.218,C2 해외시장 진출 지원,내용기반(저신뢰),목적(대체)
3018,2024,문화체육관광부,스포츠산업활성화지원,기업경영지원,22565.0,B1 창업·벤처 육성,0.274,C1 수출 마케팅·수출업체 육성,내용기반(저신뢰),공고
5634,2025,중소벤처기업부,상권활성화(자율),상권활성화(자율),22381.0,H1 컨설팅·교육·마케팅 지원,0.714,A8 실증·상용화·확산(AI·디지털),내용기반,목적(대체)
8628,2026,조달청,조달물자 구매 및 관리지원(자본),공공혁신조달사업(해외실증),20000.0,A8 실증·상용화·확산(AI·디지털),0.213,A4 바이오·전략기술 개발·사업화,내용기반(저신뢰),산출근거
8633,2026,지식재산처,지식재산 창출지원,중소기업 IP 창출지원,19882.0,A8 실증·상용화·확산(AI·디지털),0.26,H1 컨설팅·교육·마케팅 지원,내용기반(저신뢰),목적(대체)
8500,2026,기후에너지환경부,탄소중립설비투자지원(중기부),탄소중립 설비투자지원(중기부),19055.0,E2 환경·에너지 설비 설치(탄소중립·에너지 전환),0.336,C1 수출 마케팅·수출업체 육성,내용기반(저신뢰),산출근거
8405,2026,고용노동부,사회적기업지원,사회적경제 생태계 활성화,18697.0,G1 고용 창출·유지(고용장려금),0.22,A9 기술사업화·기술이전 촉진,내용기반(저신뢰),산출근거
2852,2024,과학기술정보통신부,SW산업기반확충,SW고성장클럽,18000.0,B1 창업·벤처 육성,0.233,C1 수출 마케팅·수출업체 육성,내용기반(저신뢰),공고+산출근거
3465,2024,중소벤처기업부,글로벌화지원플랫폼,글로벌비즈니스센터,17816.0,C1 수출 마케팅·수출업체 육성,0.366,D1 정책자금 융자(운전·시설자금),내용기반(저신뢰),공고
5612,2025,중소벤처기업부,글로벌화지원플랫폼,글로벌비즈니스센터,17693.0,C1 수출 마케팅·수출업체 육성,0.366,D1 정책자금 융자(운전·시설자금),내용기반(저신뢰),목적(대체)
8333,2026,중소벤처기업부,글로벌화지원플랫폼,글로벌비즈니스센터,17693.0,C1 수출 마케팅·수출업체 육성,0.366,D1 정책자금 융자(운전·시설자금),내용기반(저신뢰),산출근거
3359,2024,중소벤처기업부,규제자유특구혁신사업육성(R&D),규제자유특구혁신사업육성(R&D),17586.0,A9 기술사업화·기술이전 촉진,0.218,C2 해외시장 진출 지원,내용기반(저신뢰),목적(대체)
6103,2025,산업통상부,K-Carbon플래그십기술개발,K-Carbon플래그십기술개발,17300.0,A4 바이오·전략기술 개발·사업화,0.255,A1 산업기술 개발(일반 R&D),내용기반(저신뢰),산출근거
5931,2025,문화체육관광부,영화창제작지원,영화제작지원,17000.0,F1 전문인력 양성·채용 지원,0.178,H2 디자인 혁신 지원,내용기반(저신뢰),공고
8240,2026,중소벤처기업부,규제자유특구혁신사업육성(R&D),규제자유특구혁신사업육성(R&D),16840.0,A9 기술사업화·기술이전 촉진,0.218,C2 해외시장 진출 지원,내용기반(저신뢰),산출근거
6154,2025,지식재산처,지식재산창출지원,중소기업IP창출지원,16368.0,A8 실증·상용화·확산(AI·디지털),0.245,D1 정책자금 융자(운전·시설자금),내용기반(저신뢰),목적(대체)
8873,2026,산업통상부,K-Carbon플래그십기술개발(R&D),K-Carbon플래그십기술개발(R&D),15636.0,A4 바이오·전략기술 개발·사업화,0.244,A1 산업기술 개발(일반 R&D),내용기반(저신뢰),목적(대체)
3466,2024,중소벤처기업부,글로벌화지원플랫폼,코리아스타트업센터,15440.0,B1 창업·벤처 육성,0.315,C1 수출 마케팅·수출업체 육성,내용기반(저신뢰),목적(대체)
6149,2025,조달청,조달물자구매및관리지원(자본),공공혁신조달사업(해외실증),14000.0,A8 실증·상용화·확산(AI·디지털),0.289,A4 바이오·전략기술 개발·사업화,내용기반(저신뢰),목적(대체)
5647,2025,중소벤처기업부,탄소중립설비투자지원(중기부),탄소중립설비투자지원(중기부),13955.0,E2 환경·에너지 설비 설치(탄소중립·에너지 전환),0.278,C1 수출 마케팅·수출업체 육성,내용기반(저신뢰),목적(대체)
5777,2025,과학기술정보통신부,SW산업기반확충,SW고성장클럽,13933.0,B1 창업·벤처 육성,0.233,C1 수출 마케팅·수출업체 육성,내용기반(저신뢰),공고+산출근거
8334,2026,중소벤처기업부,글로벌화지원플랫폼,코리아스타트업센터,13896.0,B1 창업·벤처 육성,0.315,C1 수출 마케팅·수출업체 육성,내용기반(저신뢰),산출근거
5613,2025,중소벤처기업부,글로벌화지원플랫폼,코리아스타트업센터,13896.0,B1 창업·벤처 육성,0.315,C1 수출 마케팅·수출업체 육성,내용기반(저신뢰),목적(대체)
8579,2026,문화체육관광부,지역콘텐츠산업 균형발전 지원,지역기반 게임산업 육성,13728.0,A8 실증·상용화·확산(AI·디지털),0.28,G1 고용 창출·유지(고용장려금),내용기반(저신뢰),산출근거
8674,2026,보건복지부,바이오헬스산업 육성 지원,의료기기산업 경쟁력 강화,13703.0,A8 실증·상용화·확산(AI·디지털),0.382,A1 산업기술 개발(일반 R&D),내용기반(저신뢰),산출근거
8737,2026,과학기술정보통신부,SW산업기반확충,SW고성장클럽,11122.0,B1 창업·벤처 육성,0.233,C1 수출 마케팅·수출업체 육성,내용기반(저신뢰),공고+산출근거
2974,2024,농림축산식품부,전통발효식품육성,김치산업육성,11045.0,C1 수출 마케팅·수출업체 육성,0.321,E1 생산·가공시설 현대화 및 인증(농식품 등),내용기반(저신뢰),목적(대체)
8589,2026,문화체육관광부,방송영상콘텐츠산업 육성,방송영상콘텐츠유통지원,10886.0,C1 수출 마케팅·수출업체 육성,0.784,C2 해외시장 진출 지원,내용기반,산출근거
8277,2026,중소벤처기업부,대·중소기업동반성장생태계구축,동반성장문화조성,10425.0,A9 기술사업화·기술이전 촉진,0.388,B1 창업·벤처 육성,내용기반(저신뢰),공고
5534,2025,중소벤처기업부,소상공인재기지원,손실보상한시지원,10400.0,D3 경영비용 경감·손실 보전(바우처·보상금),0.274,D1 정책자금 융자(운전·시설자금),내용명시 규칙,목적(대체)
5683,2025,고용노동부,사회적기업지원,사회적기업성장지원,9356.0,H1 컨설팅·교육·마케팅 지원,0.377,G1 고용 창출·유지(고용장려금),내용기반(저신뢰),공고+산출근거
3041,2024,문화체육관광부,영상콘텐츠산업육성,캐릭터산업육성,9033.0,B1 창업·벤처 육성,0.207,F1 전문인력 양성·채용 지원,내용기반(저신뢰),목적(대체)
8586,2026,문화체육관광부,영화유통지원,영화유통지원,8990.0,C1 수출 마케팅·수출업체 육성,0.209,D1 정책자금 융자(운전·시설자금),내용기반(저신뢰),산출근거
5553,2025,중소벤처기업부,대ㆍ중소기업동반성장생태계구축,동반성장문화조성,8847.0,A9 기술사업화·기술이전 촉진,0.251,A4 바이오·전략기술 개발·사업화,내용기반(저신뢰),공고
8258,2026,중소벤처기업부,소상공인재기지원,손실보상한시지원,8800.0,D3 경영비용 경감·손실 보전(바우처·보상금),0.274,D1 정책자금 융자(운전·시설자금),내용명시 규칙,산출근거
2959,2024,농림축산식품부,종자산업활성화지원,종자산업,8563.0,C1 수출 마케팅·수출업체 육성,0.532,A1 산업기술 개발(일반 R&D),내용기반,목적(대체)
3395,2024,중소벤처기업부,중소기업상용화기술개발(R&D)(특별),구매조건부신제품개발(특별),8465.0,A8 실증·상용화·확산(AI·디지털),0.314,A4 바이오·전략기술 개발·사업화,내용기반(저신뢰),목적(대체)
5887,2025,농림축산식품부,전통발효식품육성,김치산업육성,8325.0,C1 수출 마케팅·수출업체 육성,0.321,E1 생산·가공시설 현대화 및 인증(농식품 등),내용기반(저신뢰),목적(대체)
5941,2025,문화체육관광부,영상콘텐츠산업육성,캐릭터산업육성,8323.0,B1 창업·벤처 육성,0.207,F1 전문인력 양성·채용 지원,내용기반(저신뢰),산출근거
8241,2026,중소벤처기업부,규제자유특구혁신사업육성(R&D),글로벌혁신특구혁신사업육성(R&D),8261.0,C2 해외시장 진출 지원,0.434,A4 바이오·전략기술 개발·사업화,내용기반(저신뢰),산출근거
5519,2025,중소벤처기업부,지역특화산업육성+(R&D),지역주력산업육성(R&D),8150.0,A9 기술사업화·기술이전 촉진,0.238,A8 실증·상용화·확산(AI·디지털),내용기반(저신뢰),목적(대체)
5872,2025,농림축산식품부,종자산업활성화지원,종자산업,7899.0,C1 수출 마케팅·수출업체 육성,0.532,A1 산업기술 개발(일반 R&D),내용기반,목적(대체)
3024,2024,문화체육관광부,영화유통지원,영화유통지원,7878.0,C1 수출 마케팅·수출업체 육성,0.209,D1 정책자금 융자(운전·시설자금),내용기반(저신뢰),목적(대체)
8285,2026,중소벤처기업부,기술혁신기반조성,중소기업기술탈취근절,7838.0,D1 정책자금 융자(운전·시설자금),0.271,A8 실증·상용화·확산(AI·디지털),내용기반(저신뢰),산출근거
5930,2025,문화체육관광부,영화유통지원,영화유통지원,7673.0,C1 수출 마케팅·수출업체 육성,0.209,D1 정책자금 융자(운전·시설자금),내용기반(저신뢰),산출근거
5516,2025,중소벤처기업부,규제자유특구혁신사업육성(R&D),글로벌혁신특구혁신사업육성(R&D),7366.0,C2 해외시장 진출 지원,0.434,A4 바이오·전략기술 개발·사업화,내용기반(저신뢰),목적(대체)
3481,2024,중소벤처기업부,재도약촉진,사업전환촉진,7342.0,H1 컨설팅·교육·마케팅 지원,0.266,D1 정책자금 융자(운전·시설자금),내용기반(저신뢰),공고
3025,2024,문화체육관광부,영화창제작지원,영화제작지원,7000.0,F1 전문인력 양성·채용 지원,0.178,H2 디자인 혁신 지원,내용기반(저신뢰),공고
3113,2024,산업통상부,뿌리산업경쟁력강화지원,특화단지지원,6920.0,H1 컨설팅·교육·마케팅 지원,0.342,C1 수출 마케팅·수출업체 육성,내용기반(저신뢰),공고+산출근거
8533,2026,농림축산식품부,종자산업활성화지원,종자산업,6899.0,C1 수출 마케팅·수출업체 육성,0.532,A1 산업기술 개발(일반 R&D),내용기반,산출근거
2758,2024,과학기술정보통신부,SW융합클러스터2.0,특화산업강화,6730.0,A9 기술사업화·기술이전 촉진,0.258,H1 컨설팅·교육·마케팅 지원,내용기반(저신뢰),산출근거
5694,2025,고용노동부,노동약자지원,노동약자상생복지지원,6632.0,G1 고용 창출·유지(고용장려금),0.597,D1 정책자금 융자(운전·시설자금),내용기반,공고
6003,2025,산업통상부,뿌리산업경쟁력강화지원,특화단지지원,6600.0,H1 컨설팅·교육·마케팅 지원,0.342,C1 수출 마케팅·수출업체 육성,내용기반(저신뢰),산출근거
5514,2025,중소벤처기업부,규제자유특구혁신사업육성,특구활성화및육성기반조성(통합),6406.0,C2 해외시장 진출 지원,0.188,C1 수출 마케팅·수출업체 육성,내용기반(저신뢰),공고
8282,2026,중소벤처기업부,장애인기업육성,장애인기업성장기반구축,6225.0,B1 창업·벤처 육성,0.476,H1 컨설팅·교육·마케팅 지원,내용기반(저신뢰),공고+산출근거
8459,2026,기후에너지환경부,중소환경기업 사업화 지원사업,새활용 산업 육성 지원,6000.0,H1 컨설팅·교육·마케팅 지원,0.148,A8 실증·상용화·확산(AI·디지털),내용기반(저신뢰),산출근거
8239,2026,중소벤처기업부,규제자유특구혁신사업육성,특구활성화 및 육성기반 조성(통합),5972.0,A8 실증·상용화·확산(AI·디지털),0.191,H1 컨설팅·교육·마케팅 지원,내용기반(저신뢰),공고+산출근거
2742,2024,고용노동부,사회적기업지원,사회적기업성장지원,5938.0,H1 컨설팅·교육·마케팅 지원,0.377,G1 고용 창출·유지(고용장려금),내용기반(저신뢰),공고
8596,2026,문화체육관광부,영상콘텐츠산업 육성,캐릭터산업 육성,5927.0,C1 수출 마케팅·수출업체 육성,0.188,B1 창업·벤처 육성,내용기반(저신뢰),산출근거
5738,2025,과학기술정보통신부,정보통신기반보호강화(정보화),ICT중소기업정보보호안전망확충,5716.0,D1 정책자금 융자(운전·시설자금),0.651,A8 실증·상용화·확산(AI·디지털),내용기반,공고+산출근거
8286,2026,중소벤처기업부,기술혁신기반조성,기술보호선도기업육성및피해회복지원,5610.0,A8 실증·상용화·확산(AI·디지털),0.302,D1 정책자금 융자(운전·시설자금),내용기반(저신뢰),공고+산출근거
8857,2026,산업통상부,소부장공급망안정종합지원,수입선다변화 지원,5184.0,A5 모빌리티 기술개발·기반구축,0.195,A8 실증·상용화·확산(AI·디지털),내용기반(저신뢰),산출근거
8888,2026,산업통상부,CVC투자연계대중견중소기업협력(R&D),CVC투자연계R&D,5125.0,A1 산업기술 개발(일반 R&D),0.176,A9 기술사업화·기술이전 촉진,내용기반(저신뢰),산출근거
8402,2026,고용노동부,사회적기업지원,사회적기업 판로지원,4963.0,H1 컨설팅·교육·마케팅 지원,0.61,D1 정책자금 융자(운전·시설자금),내용기반,산출근거
8301,2026,중소벤처기업부,중소기업협동조합육성,협동조합활성화,4833.0,H1 컨설팅·교육·마케팅 지원,0.231,D1 정책자금 융자(운전·시설자금),내용기반(저신뢰),산출근거
8806,2026,산업통상부,뿌리산업경쟁력강화지원,특화단지 지원,4749.0,H1 컨설팅·교육·마케팅 지원,0.632,A8 실증·상용화·확산(AI·디지털),내용기반,공고+산출근거
3114,2024,산업통상부,뿌리산업경쟁력강화지원,지능형뿌리공정시스템구축,4740.0,A8 실증·상용화·확산(AI·디지털),0.602,A1 산업기술 개발(일반 R&D),내용기반,공고+산출근거
2741,2024,고용노동부,사회적기업지원,사회적기업판로지원,4721.0,H1 컨설팅·교육·마케팅 지원,0.575,D1 정책자금 융자(운전·시설자금),내용기반,목적(대체)
8667,2026,행정안전부,착한가격업소 활성화 지원(자율),착한가격업소 활성화 지원(자율),4715.0,D1 정책자금 융자(운전·시설자금),0.299,A8 실증·상용화·확산(AI·디지털),내용기반(저신뢰),산출근거
8634,2026,지식재산처,지식재산 창출지원,소상공인 IP 창출지원,4491.0,H1 컨설팅·교육·마케팅 지원,0.276,D1 정책자금 융자(운전·시설자금),내용기반(저신뢰),목적(대체)
6155,2025,지식재산처,지식재산창출지원,소상공인IP창출지원,4292.0,D1 정책자금 융자(운전·시설자금),0.199,A8 실증·상용화·확산(AI·디지털),내용기반(저신뢰),목적(대체)
3038,2024,문화체육관광부,게임산업육성,글로벌게임허브센터운영,4216.0,B1 창업·벤처 육성,0.298,C2 해외시장 진출 지원,내용기반(저신뢰),목적(대체)
8833,2026,산업통상부,산업집적지경쟁력강화(R&D),산단내공급-수요기업연계국제규범대응기술개발,4200.0,A9 기술사업화·기술이전 촉진,0.345,A4 바이오·전략기술 개발·사업화,내용기반(저신뢰),산출근거
5582,2025,중소벤처기업부,중소기업협동조합육성,협동조합활성화,4193.0,H1 컨설팅·교육·마케팅 지원,0.231,D1 정책자금 융자(운전·시설자금),내용기반(저신뢰),공고
2985,2024,농림축산식품부,고부가가치식품기술개발(R&D),물류유통자동화,4119.0,A1 산업기술 개발(일반 R&D),0.666,A8 실증·상용화·확산(AI·디지털),내용기반,목적(대체)
5893,2025,농림축산식품부,고부가가치식품기술개발(R&D),물류유통자동화,4119.0,A1 산업기술 개발(일반 R&D),0.666,A8 실증·상용화·확산(AI·디지털),내용기반,목적(대체)
8593,2026,문화체육관광부,게임산업 육성,글로벌게임허브센터운영,4110.0,C2 해외시장 진출 지원,0.418,E1 생산·가공시설 현대화 및 인증(농식품 등),내용기반(저신뢰),산출근거
8491,2026,기후에너지환경부,수소산업진흥 기반구축,수소기업성장지원,4045.0,H1 컨설팅·교육·마케팅 지원,0.193,A8 실증·상용화·확산(AI·디지털),내용기반(저신뢰),산출근거
6126,2025,산업통상부,수소산업진흥기반구축,수소전문기업지원사업,4020.0,H1 컨설팅·교육·마케팅 지원,0.287,A9 기술사업화·기술이전 촉진,내용기반(저신뢰),산출근거
3358,2024,중소벤처기업부,규제자유특구혁신사업육성,특구안착화,4018.0,A8 실증·상용화·확산(AI·디지털),0.233,H1 컨설팅·교육·마케팅 지원,내용기반(저신뢰),목적(대체)
8670,2026,보건복지부,글로벌 액셀러레이터 기반 스케일업 지원(R&D),글로벌 액셀러레이터 기반스케일업지원,4000.0,C1 수출 마케팅·수출업체 육성,0.2,A1 산업기술 개발(일반 R&D),내용기반(저신뢰),산출근거
3104,2024,산업통상부,백신실증지원센터활용백신산업화기업지원사업,백신실증지원센터활용백신산업화기업지원사업,3949.0,E1 생산·가공시설 현대화 및 인증(농식품 등),0.366,A8 실증·상용화·확산(AI·디지털),내용기반(저신뢰),산출근거
5560,2025,중소벤처기업부,기술혁신기반조성,중소기업기술탈취근절,3941.0,D1 정책자금 융자(운전·시설자금),0.271,A8 실증·상용화·확산(AI·디지털),내용기반(저신뢰),목적(대체)
3408,2024,중소벤처기업부,기술혁신기반조성,중소기업기술탈취근절,3941.0,D1 정책자금 융자(운전·시설자금),0.271,A8 실증·상용화·확산(AI·디지털),내용기반(저신뢰),목적(대체)
3435,2024,중소벤처기업부,중소기업협동조합육성,협동조합활성화,3900.0,H1 컨설팅·교육·마케팅 지원,0.231,D1 정책자금 융자(운전·시설자금),내용기반(저신뢰),목적(대체)
8303,2026,중소벤처기업부,원스톱기업애로종합지원,기업애로전문가상담,3821.0,H1 컨설팅·교육·마케팅 지원,0.542,D1 정책자금 융자(운전·시설자금),내용기반,공고+산출근거
5584,2025,중소벤처기업부,원스톱기업애로종합지원,기업애로전문가상담,3821.0,H1 컨설팅·교육·마케팅 지원,0.542,D1 정책자금 융자(운전·시설자금),내용기반,목적(대체)
8305,2026,중소벤처기업부,공공구매제도운영,공공구매이행력제고,3820.0,A8 실증·상용화·확산(AI·디지털),0.17,E1 생산·가공시설 현대화 및 인증(농식품 등),내용기반(저신뢰),산출근거
6085,2025,산업통상부,소부장공급망안정종합지원,수입선다변화지원,3811.0,H1 컨설팅·교육·마케팅 지원,0.188,A8 실증·상용화·확산(AI·디지털),내용기반(저신뢰),산출근거
5938,2025,문화체육관광부,게임산업육성,글로벌게임허브센터운영,3794.0,B1 창업·벤처 육성,0.298,C2 해외시장 진출 지원,내용기반(저신뢰),목적(대체)
5561,2025,중소벤처기업부,기술혁신기반조성,기술보호선도기업육성및피해회복지원,3500.0,A8 실증·상용화·확산(AI·디지털),0.302,D1 정책자금 융자(운전·시설자금),내용기반(저신뢰),공고
5682,2025,고용노동부,사회적기업지원,사회적기업판로지원,3493.0,H1 컨설팅·교육·마케팅 지원,0.575,D1 정책자금 융자(운전·시설자금),내용기반,산출근거
3167,2024,산업통상부,수출경쟁력강화지원,경제사절단파견및상시비즈니스지원,3325.0,C1 수출 마케팅·수출업체 육성,0.449,G1 고용 창출·유지(고용장려금),내용기반(저신뢰),산출근거
5752,2025,과학기술정보통신부,융합서비스글로벌시장진출지원,DNA대·중소파트너십동반친출,3178.0,C2 해외시장 진출 지원,0.681,C1 수출 마케팅·수출업체 육성,내용기반,공고+산출근거
2971,2024,농림축산식품부,기능성식품산업육성,식품기능성평가지원,3156.0,H1 컨설팅·교육·마케팅 지원,0.273,A8 실증·상용화·확산(AI·디지털),내용기반(저신뢰),공고
5884,2025,농림축산식품부,기능성식품산업육성,식품기능성평가지원,3119.0,H1 컨설팅·교육·마케팅 지원,0.273,A8 실증·상용화·확산(AI·디지털),내용기반(저신뢰),공고+산출근거
5888,2025,농림축산식품부,전통발효식품육성,한국술산업육성,3101.0,E1 생산·가공시설 현대화 및 인증(농식품 등),0.174,C1 수출 마케팅·수출업체 육성,내용기반(저신뢰),목적(대체)
2975,2024,농림축산식품부,전통발효식품육성,한국술산업육성,3101.0,E1 생산·가공시설 현대화 및 인증(농식품 등),0.174,C1 수출 마케팅·수출업체 육성,내용기반(저신뢰),목적(대체)
3357,2024,중소벤처기업부,규제자유특구혁신사업육성,규제자유특구혁신사업육성,3100.0,A9 기술사업화·기술이전 촉진,0.221,A8 실증·상용화·확산(AI·디지털),내용기반(저신뢰),목적(대체)
3405,2024,중소벤처기업부,장애인기업육성,장애인기업성장기반구축,3095.0,B1 창업·벤처 육성,0.476,H1 컨설팅·교육·마케팅 지원,내용기반(저신뢰),목적(대체)
5557,2025,중소벤처기업부,장애인기업육성,장애인기업성장기반구축,3095.0,B1 창업·벤처 육성,0.476,H1 컨설팅·교육·마케팅 지원,내용기반(저신뢰),목적(대체)
2820,2024,과학기술정보통신부,ICT규제샌드박스,ICT규제샌드박스지정과제운영,3088.0,A8 실증·상용화·확산(AI·디지털),0.431,A9 기술사업화·기술이전 촉진,내용기반(저신뢰),산출근거
5858,2025,농림축산식품부,농산업수출활성화,농산업판로개척및정보지원,3066.0,B1 창업·벤처 육성,0.249,C1 수출 마케팅·수출업체 육성,내용기반(저신뢰),목적(대체)
3351,2024,중소벤처기업부,지역특화산업육성+(R&D)(제주),지역주력산업육성(제주R&D),3020.0,A9 기술사업화·기술이전 촉진,0.228,H1 컨설팅·교육·마케팅 지원,내용기반(저신뢰),목적(대체)
5585,2025,중소벤처기업부,원스톱기업애로종합지원,현장클리닉,3001.0,H1 컨설팅·교육·마케팅 지원,0.295,G1 고용 창출·유지(고용장려금),내용기반(저신뢰),공고
8304,2026,중소벤처기업부,원스톱기업애로종합지원,현장클리닉,3001.0,H1 컨설팅·교육·마케팅 지원,0.295,G1 고용 창출·유지(고용장려금),내용기반(저신뢰),공고+산출근거
8730,2026,과학기술정보통신부,융합서비스글로벌시장진출지원,AI·디지털비즈니스파트너십구축,3000.0,C1 수출 마케팅·수출업체 육성,0.398,B1 창업·벤처 육성,내용기반(저신뢰),공고+산출근거
5757,2025,과학기술정보통신부,융합서비스글로벌시장진출지원,AI·디지털비즈니스파트너십구축(신규),3000.0,B1 창업·벤처 육성,0.436,C1 수출 마케팅·수출업체 육성,내용기반(저신뢰),공고
8307,2026,중소벤처기업부,마케팅지원사업,K-뷰티클러스터,3000.0,C1 수출 마케팅·수출업체 육성,0.682,B1 창업·벤처 육성,내용기반,공고+산출근거
6004,2025,산업통상부,뿌리산업경쟁력강화지원,"지능형뿌리공정
시스템구축",3000.0,H1 컨설팅·교육·마케팅 지원,0.203,A8 실증·상용화·확산(AI·디지털),내용기반(저신뢰),산출근거
8807,2026,산업통상부,뿌리산업경쟁력강화지원,AI공정시스템구축,3000.0,A8 실증·상용화·확산(AI·디지털),0.52,H1 컨설팅·교육·마케팅 지원,내용기반,산출근거
6052,2025,산업통상부,수출경쟁력강화지원,경제사절단파견및상시비즈니스지원,2993.0,C1 수출 마케팅·수출업체 육성,0.449,G1 고용 창출·유지(고용장려금),내용기반(저신뢰),산출근거
8546,2026,농림축산식품부,기능성식품산업육성,식품기능성평가지원,2989.0,H1 컨설팅·교육·마케팅 지원,0.273,A8 실증·상용화·확산(AI·디지털),내용기반(저신뢰),공고+산출근거
5586,2025,중소벤처기업부,공공구매제도운영,공공구매이행력제고,2978.0,A8 실증·상용화·확산(AI·디지털),0.17,E1 생산·가공시설 현대화 및 인증(농식품 등),내용기반(저신뢰),목적(대체)
6211,2025,기후에너지환경부,자원순환촉진지원,순환경제성과관리제도운영,2899.0,A9 기술사업화·기술이전 촉진,0.198,E1 생산·가공시설 현대화 및 인증(농식품 등),내용기반(저신뢰),산출근거
3327,2024,기후에너지환경부,자원순환촉진지원,자원순환성과관리제도운영,2899.0,E1 생산·가공시설 현대화 및 인증(농식품 등),0.329,A9 기술사업화·기술이전 촉진,내용기반(저신뢰),목적(대체)
3439,2024,중소벤처기업부,공공구매제도운영,공공구매이행력제고,2897.0,A8 실증·상용화·확산(AI·디지털),0.17,E1 생산·가공시설 현대화 및 인증(농식품 등),내용기반(저신뢰),목적(대체)
3437,2024,중소벤처기업부,원스톱기업애로종합지원,기업애로전문가상담,2861.0,H1 컨설팅·교육·마케팅 지원,0.542,D1 정책자금 융자(운전·시설자금),내용기반,목적(대체)
5748,2025,과학기술정보통신부,ICT규제샌드박스,ICT규제샌드박스지정과제운영,2800.0,A8 실증·상용화·확산(AI·디지털),0.431,A9 기술사업화·기술이전 촉진,내용기반(저신뢰),산출근거
5547,2025,중소벤처기업부,중소기업상용화기술개발(R&D)(특별),구매조건부신제품개발(소부장)(특별),2609.0,A8 실증·상용화·확산(AI·디지털),0.263,A4 바이오·전략기술 개발·사업화,내용기반(저신뢰),목적(대체)
2763,2024,과학기술정보통신부,전파기반신산업창출및중소기업육성,전파산업중소기업성장기반조성,2524.0,A8 실증·상용화·확산(AI·디지털),0.195,E1 생산·가공시설 현대화 및 인증(농식품 등),내용기반(저신뢰),공고+산출근거
3438,2024,중소벤처기업부,원스톱기업애로종합지원,현장클리닉,2519.0,H1 컨설팅·교육·마케팅 지원,0.295,G1 고용 창출·유지(고용장려금),내용기반(저신뢰),목적(대체)
3409,2024,중소벤처기업부,기술혁신기반조성,기술보호선도기업육성및피해회복지원,2500.0,A8 실증·상용화·확산(AI·디지털),0.302,D1 정책자금 융자(운전·시설자금),내용기반(저신뢰),공고
2973,2024,농림축산식품부,전통발효식품육성,발효식품산업경쟁력강화,2480.0,A1 산업기술 개발(일반 R&D),0.327,E1 생산·가공시설 현대화 및 인증(농식품 등),내용기반(저신뢰),목적(대체)
8724,2026,과학기술정보통신부,ICT규제샌드박스,ICT규제샌드박스지정과제운영,2413.0,A8 실증·상용화·확산(AI·디지털),0.431,A9 기술사업화·기술이전 촉진,내용기반(저신뢰),산출근거
5886,2025,농림축산식품부,전통발효식품육성,발효식품산업경쟁력강화,2334.0,A1 산업기술 개발(일반 R&D),0.327,E1 생산·가공시설 현대화 및 인증(농식품 등),내용기반(저신뢰),목적(대체)
8847,2026,산업통상부,수출경쟁력강화지원,경제사절단 파견 및 상시비즈니스 지원,2325.0,C1 수출 마케팅·수출업체 육성,0.483,G1 고용 창출·유지(고용장려금),내용기반(저신뢰),산출근거
8454,2026,기후에너지환경부,자원순환촉진지원(지역지원),CE100 프로젝트 추진,2200.0,A8 실증·상용화·확산(AI·디지털),0.246,E2 환경·에너지 설비 설치(탄소중립·에너지 전환),내용기반(저신뢰),목적(대체)
5702,2025,과학기술정보통신부,전파기반신산업창출및중소기업육성,전파산업중소기업성장기반조성,2170.0,A8 실증·상용화·확산(AI·디지털),0.195,E1 생산·가공시설 현대화 및 인증(농식품 등),내용기반(저신뢰),공고+산출근거
8511,2026,기상청,기상산업활성화,기상정보 활용촉진 지원,2097.0,A8 실증·상용화·확산(AI·디지털),0.297,D1 정책자금 융자(운전·시설자금),내용기반(저신뢰),산출근거
6221,2025,기후에너지환경부,친환경경제사회기반구축,녹색소비활성화,2078.0,A8 실증·상용화·확산(AI·디지털),0.619,E1 생산·가공시설 현대화 및 인증(농식품 등),내용기반,목적(대체)
3360,2024,중소벤처기업부,규제자유특구혁신사업육성(R&D),글로벌혁신특구혁신사업육성(R&D),2033.0,C2 해외시장 진출 지원,0.434,A4 바이오·전략기술 개발·사업화,내용기반(저신뢰),공고
6042,2025,산업통상부,에너지국제공동연구(R&D),글로벌기술협력플랫폼,1990.0,A1 산업기술 개발(일반 R&D),0.201,C1 수출 마케팅·수출업체 육성,내용기반(저신뢰),산출근거
8471,2026,기후에너지환경부,에너지국제공동연구(R&D),글로벌기술협력플랫폼,1990.0,C1 수출 마케팅·수출업체 육성,0.144,A1 산업기술 개발(일반 R&D),내용기반(저신뢰),산출근거
8683,2026,과학기술정보통신부,전파기반신산업창출및중소기업육성,전파산업중소기업성장기반조성,1968.0,A8 실증·상용화·확산(AI·디지털),0.195,E1 생산·가공시설 현대화 및 인증(농식품 등),내용기반(저신뢰),공고+산출근거
2805,2024,과학기술정보통신부,DB산업육성(정보화),데이터활용및사업화지원,1944.0,A8 실증·상용화·확산(AI·디지털),0.351,C1 수출 마케팅·수출업체 육성,내용기반(저신뢰),산출근거
8335,2026,중소벤처기업부,글로벌협력기반구축,글로벌협력기반구축,1890.0,C1 수출 마케팅·수출업체 육성,0.392,B1 창업·벤처 육성,내용기반(저신뢰),공고+산출근거
6122,2025,산업통상부,CVC투자연계대중견중소기업협력(R&D),CVC투자연계R&D,1875.0,A1 산업기술 개발(일반 R&D),0.176,A9 기술사업화·기술이전 촉진,내용기반(저신뢰),산출근거
3124,2024,산업통상부,유통물류기반조성,코리아세일페스타,1862.0,C1 수출 마케팅·수출업체 육성,0.301,E1 생산·가공시설 현대화 및 인증(농식품 등),내용기반(저신뢰),산출근거
3467,2024,중소벤처기업부,글로벌협력기반구축,글로벌협력기반구축,1847.0,C1 수출 마케팅·수출업체 육성,0.392,B1 창업·벤처 육성,내용기반(저신뢰),목적(대체)
5614,2025,중소벤처기업부,글로벌협력기반구축,글로벌협력기반구축,1840.0,C1 수출 마케팅·수출업체 육성,0.392,B1 창업·벤처 육성,내용기반(저신뢰),공고
5570,2025,중소벤처기업부,중소기업상용화기술개발(R&D),네트워크형기술개발사업,1829.0,A2 원천·핵심기술 개발(출연연·국산화),0.388,A9 기술사업화·기술이전 촉진,내용기반(저신뢰),목적(대체)
3164,2024,산업통상부,전시산업경쟁력강화지원,전시산업기반구축,1815.0,C1 수출 마케팅·수출업체 육성,0.317,D1 정책자금 융자(운전·시설자금),내용기반(저신뢰),산출근거
6049,2025,산업통상부,전시산업경쟁력강화지원,전시산업기반구축,1815.0,C1 수출 마케팅·수출업체 육성,0.317,D1 정책자금 융자(운전·시설자금),내용기반(저신뢰),산출근거
2968,2024,농림축산식품부,국가식품산업클러스터,비즈니스지원활성화,1790.0,B1 창업·벤처 육성,0.633,C1 수출 마케팅·수출업체 육성,내용기반,목적(대체)
5881,2025,농림축산식품부,국가식품산업클러스터,비즈니스지원활성화,1790.0,B1 창업·벤처 육성,0.633,C1 수출 마케팅·수출업체 육성,내용기반,산출근거
8548,2026,농림축산식품부,전통발효식품육성(지원),김치산업육성,1785.0,C1 수출 마케팅·수출업체 육성,0.514,E1 생산·가공시설 현대화 및 인증(농식품 등),내용기반,산출근거
8281,2026,중소벤처기업부,여성기업육성,펨테크산업육성사업,1780.0,B1 창업·벤처 육성,0.845,C1 수출 마케팅·수출업체 육성,내용기반,공고+산출근거
6030,2025,산업통상부,산업집적지경쟁력강화(R&D),산단내공급-수요기업연계국제규범대응기술개발,1752.0,A9 기술사업화·기술이전 촉진,0.345,A4 바이오·전략기술 개발·사업화,내용기반(저신뢰),산출근거
3375,2024,중소벤처기업부,소상공인성장지원,지역상권역량강화,1700.0,H1 컨설팅·교육·마케팅 지원,0.614,A8 실증·상용화·확산(AI·디지털),내용기반,목적(대체)
8416,2026,교육부,에듀테크 소프트랩 구축 및 운영,에듀테크 성장기반 조성,1660.0,H1 컨설팅·교육·마케팅 지원,0.493,F1 전문인력 양성·채용 지원,내용기반(저신뢰),산출근거
3156,2024,산업통상부,에너지국제공동연구(R&D),글로벌기술협력플랫폼,1650.0,A1 산업기술 개발(일반 R&D),0.201,C1 수출 마케팅·수출업체 육성,내용기반(저신뢰),목적(대체)
8844,2026,산업통상부,전시산업경쟁력강화지원,전시산업기반구축,1634.0,C1 수출 마케팅·수출업체 육성,0.317,D1 정책자금 융자(운전·시설자금),내용기반(저신뢰),산출근거
2827,2024,과학기술정보통신부,융합서비스글로벌시장진출지원,DNA융합제품서비스해외진출지원,1585.0,C2 해외시장 진출 지원,0.457,B1 창업·벤처 육성,내용기반(저신뢰),공고+산출근거
5735,2025,과학기술정보통신부,DB산업육성(정보화),데이터활용및사업화지원,1580.0,A8 실증·상용화·확산(AI·디지털),0.351,C1 수출 마케팅·수출업체 육성,내용기반(저신뢰),산출근거
5559,2025,중소벤처기업부,기술혁신기반조성,ASEIC운영,1575.0,A8 실증·상용화·확산(AI·디지털),0.213,C1 수출 마케팅·수출업체 육성,내용기반(저신뢰),목적(대체)
8284,2026,중소벤처기업부,기술혁신기반조성,ASEIC운영,1575.0,A8 실증·상용화·확산(AI·디지털),0.213,C1 수출 마케팅·수출업체 육성,내용기반(저신뢰),산출근거
3407,2024,중소벤처기업부,기술혁신기반조성,ASEIC운영,1575.0,A8 실증·상용화·확산(AI·디지털),0.213,C1 수출 마케팅·수출업체 육성,내용기반(저신뢰),목적(대체)
8463,2026,기후에너지환경부,환경산업수출기반 육성지원,플라스틱 순환경제해외진출 지원,1500.0,C1 수출 마케팅·수출업체 육성,0.69,C2 해외시장 진출 지원,내용기반,공고+산출근거
2819,2024,과학기술정보통신부,ICT규제샌드박스,ICT규제샌드박스제도운영,1463.0,A8 실증·상용화·확산(AI·디지털),0.236,H1 컨설팅·교육·마케팅 지원,내용기반(저신뢰),산출근거
8817,2026,산업통상부,생활산업경쟁력강화,한국안경산업고도화육성,1400.0,C2 해외시장 진출 지원,0.141,A1 산업기술 개발(일반 R&D),내용기반(저신뢰),산출근거
3126,2024,산업통상부,생활산업경쟁력강화,한국안경산업고도화육성,1400.0,C2 해외시장 진출 지원,0.141,A1 산업기술 개발(일반 R&D),내용기반(저신뢰),산출근거
2746,2024,고용노동부,근로조건개선지원,근로조건자율개선지원,1375.0,H1 컨설팅·교육·마케팅 지원,0.355,D1 정책자금 융자(운전·시설자금),내용기반(저신뢰),공고
5689,2025,고용노동부,근로조건개선지원,근로조건자율개선지원,1375.0,H1 컨설팅·교육·마케팅 지원,0.355,D1 정책자금 융자(운전·시설자금),내용기반(저신뢰),공고
5740,2025,과학기술정보통신부,SW산업해외진출역량강화,SW국제협력지원,1195.0,C1 수출 마케팅·수출업체 육성,0.541,F1 전문인력 양성·채용 지원,내용기반,산출근거
3493,2024,중소벤처기업부,상권활성화사업(세종),상권활성화사업(세종),1189.0,H1 컨설팅·교육·마케팅 지원,0.547,B1 창업·벤처 육성,내용기반,목적(대체)
3347,2024,중소벤처기업부,지역특화산업육성+(R&D)(세종),지역주력산업육성(세종R&D),1150.0,A9 기술사업화·기술이전 촉진,0.242,A8 실증·상용화·확산(AI·디지털),내용기반(저신뢰),목적(대체)
2921,2024,국토교통부,스마트시티확산사업,혁신생태계조성지원,1150.0,A8 실증·상용화·확산(AI·디지털),0.285,A4 바이오·전략기술 개발·사업화,내용기반(저신뢰),공고
5834,2025,국토교통부,스마트시티확산사업,혁신생태계조성지원,1150.0,A8 실증·상용화·확산(AI·디지털),0.285,A4 바이오·전략기술 개발·사업화,내용기반(저신뢰),산출근거
8410,2026,고용노동부,근로조건개선지원,근로조건 자율개선 지원,1122.0,H1 컨설팅·교육·마케팅 지원,0.295,E1 생산·가공시설 현대화 및 인증(농식품 등),내용기반(저신뢰),공고+산출근거
5753,2025,과학기술정보통신부,융합서비스글로벌시장진출지원,DNA융합제품서비스해외진출지원,1085.0,C2 해외시장 진출 지원,0.457,B1 창업·벤처 육성,내용기반(저신뢰),공고+산출근거
8726,2026,과학기술정보통신부,융합서비스글로벌시장진출지원,DNA융합제품서비스해외진출지원,1085.0,C2 해외시장 진출 지원,0.457,B1 창업·벤처 육성,내용기반(저신뢰),공고+산출근거
2810,2024,과학기술정보통신부,SW산업해외진출역량강화,SW국제협력지원,1073.0,C1 수출 마케팅·수출업체 육성,0.541,F1 전문인력 양성·채용 지원,내용기반,산출근거
8723,2026,과학기술정보통신부,ICT규제샌드박스,ICT규제샌드박스제도운영,1065.0,A8 실증·상용화·확산(AI·디지털),0.236,H1 컨설팅·교육·마케팅 지원,내용기반(저신뢰),산출근거
5747,2025,과학기술정보통신부,ICT규제샌드박스,ICT규제샌드박스제도운영,1065.0,A8 실증·상용화·확산(AI·디지털),0.236,H1 컨설팅·교육·마케팅 지원,내용기반(저신뢰),산출근거
2824,2024,과학기술정보통신부,스마트서비스창출기반확충,국내우수중소기업혁신기술전시지원,1050.0,C1 수출 마케팅·수출업체 육성,0.267,H1 컨설팅·교육·마케팅 지원,내용기반(저신뢰),산출근거
3486,2024,중소벤처기업부,포스트규제자유특구연계(R&D),포스트규제자유특구연계R&D지원,1021.0,A8 실증·상용화·확산(AI·디지털),0.622,A9 기술사업화·기술이전 촉진,내용기반,목적(대체)
6020,2025,산업통상부,생활산업경쟁력강화,한국안경산업고도화육성,1000.0,C2 해외시장 진출 지원,0.141,A1 산업기술 개발(일반 R&D),내용기반(저신뢰),산출근거
5817,2025,과학기술정보통신부,차세대방송미디어산업선도기반조성,미디어선도기업육성,1000.0,C2 해외시장 진출 지원,0.338,A8 실증·상용화·확산(AI·디지털),내용기반(저신뢰),산출근거
5824,2025,과학기술정보통신부,실험실창업지원,첨단과학기술기업글로벌협력스케일업R&D지원,1000.0,A7 산학협력 연구 및 연구인력 양성,0.284,C2 해외시장 진출 지원,내용기반(저신뢰),산출근거
2762,2024,과학기술정보통신부,정보통신방송해외진출지원,융합서비스글로벌마케팅강화,986.0,C1 수출 마케팅·수출업체 육성,0.877,C2 해외시장 진출 지원,내용기반,산출근거
5645,2025,중소벤처기업부,상권활성화사업(제주),상권활성화(제주),970.0,H1 컨설팅·교육·마케팅 지원,0.75,A8 실증·상용화·확산(AI·디지털),내용기반,목적(대체)
5873,2025,농림축산식품부,종자산업활성화지원,민간육종가지원,879.0,C2 해외시장 진출 지원,0.336,C1 수출 마케팅·수출업체 육성,내용기반(저신뢰),목적(대체)
2960,2024,농림축산식품부,종자산업활성화지원,민간육종가지원,879.0,C2 해외시장 진출 지원,0.336,C1 수출 마케팅·수출업체 육성,내용기반(저신뢰),목적(대체)
8404,2026,고용노동부,사회적기업지원,사회적기업 자금지원,800.0,D1 정책자금 융자(운전·시설자금),0.27,A8 실증·상용화·확산(AI·디지털),내용기반(저신뢰),산출근거
5638,2025,중소벤처기업부,상권활성화(세종),상권활성화(세종),780.0,H1 컨설팅·교육·마케팅 지원,0.742,A8 실증·상용화·확산(AI·디지털),내용기반,목적(대체)
3262,2024,해양수산부,해양수산신산업기술사업화지원(R&D),내수시장활성화지원,780.0,A9 기술사업화·기술이전 촉진,0.354,C1 수출 마케팅·수출업체 육성,내용기반(저신뢰),목적(대체)
3205,2024,산업통상부,소부장공급망안정종합지원,수입선다변화지원,780.0,H1 컨설팅·교육·마케팅 지원,0.188,A8 실증·상용화·확산(AI·디지털),내용기반(저신뢰),산출근거
5701,2025,과학기술정보통신부,정보통신방송해외진출지원,융합서비스글로벌마케팅강화,725.0,C1 수출 마케팅·수출업체 육성,0.877,C2 해외시장 진출 지원,내용기반,산출근거
5511,2025,중소벤처기업부,지역특화산업육성+(제주)(R&D),지역주력산업육성(제주R&D),700.0,A9 기술사업화·기술이전 촉진,0.184,A8 실증·상용화·확산(AI·디지털),내용기반(저신뢰),목적(대체)
8757,2026,과학기술정보통신부,차세대방송미디어산업선도기반조성,미디어선도기업육성,692.0,C2 해외시장 진출 지원,0.338,A8 실증·상용화·확산(AI·디지털),내용기반(저신뢰),공고+산출근거
3159,2024,산업통상부,대한상사중재원지원,중재사업지원비,686.0,C1 수출 마케팅·수출업체 육성,0.307,D1 정책자금 융자(운전·시설자금),내용기반(저신뢰),산출근거
8632,2026,지식재산처,발명장려문화 조성,직무발명활성화,654.0,H1 컨설팅·교육·마케팅 지원,0.139,D1 정책자금 융자(운전·시설자금),내용기반(저신뢰),공고+산출근거
6153,2025,지식재산처,발명장려문화조성,직무발명활성화,654.0,D1 정책자금 융자(운전·시설자금),0.126,H1 컨설팅·교육·마케팅 지원,내용기반(저신뢰),공고
6011,2025,산업통상부,몬트리올의정서대응,특정물질기술지원및관리체계구축,644.0,A8 실증·상용화·확산(AI·디지털),0.191,H1 컨설팅·교육·마케팅 지원,내용기반(저신뢰),산출근거
8619,2026,식품의약품안전처,의약품품질고도화,의약품 허가특허연계제도 운영,630.0,A7 산학협력 연구 및 연구인력 양성,0.122,A1 산업기술 개발(일반 R&D),내용기반(저신뢰),산출근거
5633,2025,중소벤처기업부,포스트규제자유특구연계(R&D),포스트규제자유특구연계(R&D),613.0,A8 실증·상용화·확산(AI·디지털),0.605,A9 기술사업화·기술이전 촉진,내용기반,목적(대체)
6044,2025,산업통상부,대한상사중재원지원,중재사업지원비,613.0,C1 수출 마케팅·수출업체 육성,0.307,D1 정책자금 융자(운전·시설자금),내용기반(저신뢰),산출근거
3122,2024,산업통상부,몬트리올의정서대응,특정물질기술지원및관리체계구축,608.0,A8 실증·상용화·확산(AI·디지털),0.191,H1 컨설팅·교육·마케팅 지원,내용기반(저신뢰),산출근거
8814,2026,산업통상부,몬트리올의정서대응,특정물질 기술지원 및 관리체계구축,605.0,A8 실증·상용화·확산(AI·디지털),0.274,A1 산업기술 개발(일반 R&D),내용기반(저신뢰),산출근거
8682,2026,과학기술정보통신부,정보통신방송해외진출지원,융합서비스글로벌마케팅강화,565.0,C1 수출 마케팅·수출업체 육성,0.877,C2 해외시장 진출 지원,내용기반,산출근거
2767,2024,과학기술정보통신부,전파기반중소기업전자파대책기술지원,안전한전자파제품개발지원,540.0,A8 실증·상용화·확산(AI·디지털),0.313,D1 정책자금 융자(운전·시설자금),내용기반(저신뢰),산출근거
8839,2026,산업통상부,대한상사중재원지원,중재사업지원비,539.0,C1 수출 마케팅·수출업체 육성,0.307,D1 정책자금 융자(운전·시설자금),내용기반(저신뢰),산출근거
6140,2025,식품의약품안전처,의약품품질고도화,의약품허가특허연계제도운영,530.0,D1 정책자금 융자(운전·시설자금),0.134,E1 생산·가공시설 현대화 및 인증(농식품 등),내용기반(저신뢰),목적(대체)
8569,2026,농림축산식품부,곤충미생물산업육성지원(자율),식물백신 품질 고도화 지원,525.0,H1 컨설팅·교육·마케팅 지원,0.38,A8 실증·상용화·확산(AI·디지털),내용기반(저신뢰),공고+산출근거
3064,2024,식품의약품안전처,의약품품질고도화,의약품허가특허연계제도운영,500.0,D1 정책자금 융자(운전·시설자금),0.134,E1 생산·가공시설 현대화 및 인증(농식품 등),내용기반(저신뢰),목적(대체)
2917,2024,국토교통부,국토교통연구개발운영지원사업(R&D),고유사업비,500.0,A1 산업기술 개발(일반 R&D),0.177,A9 기술사업화·기술이전 촉진,내용기반(저신뢰),목적(대체)
5706,2025,과학기술정보통신부,전파기반중소기업전자파대책기술지원,안전한전자파제품개발지원,499.0,A8 실증·상용화·확산(AI·디지털),0.313,D1 정책자금 융자(운전·시설자금),내용기반(저신뢰),산출근거
5831,2025,국토교통부,물류산업지원,제3자·스마트·공동물류컨설팅지원,458.0,C1 수출 마케팅·수출업체 육성,0.201,H1 컨설팅·교육·마케팅 지원,내용기반(저신뢰),목적(대체)
8706,2026,과학기술정보통신부,원자력국제협력기반조성사업(R&D),원자력기술유망기업육성및수출지원,457.0,C1 수출 마케팅·수출업체 육성,0.137,A4 바이오·전략기술 개발·사업화,내용기반(저신뢰),공고+산출근거
2798,2024,과학기술정보통신부,원자력국제협력기반조성사업(R&D),원자력기술유망기업육성및수출지원,457.0,C1 수출 마케팅·수출업체 육성,0.137,A4 바이오·전략기술 개발·사업화,내용기반(저신뢰),산출근거
3243,2024,지식재산처,발명장려문화조성,직무발명활성화,454.0,D1 정책자금 융자(운전·시설자금),0.126,H1 컨설팅·교육·마케팅 지원,내용기반(저신뢰),공고
3374,2024,중소벤처기업부,소상공인성장지원,백년가게및백년소공인육성,427.0,H1 컨설팅·교육·마케팅 지원,0.518,B1 창업·벤처 육성,내용기반,목적(대체)
8687,2026,과학기술정보통신부,전파기반중소기업전자파대책기술지원,안전한전자파제품개발지원,401.0,A8 실증·상용화·확산(AI·디지털),0.313,D1 정책자금 융자(운전·시설자금),내용기반(저신뢰),산출근거
5750,2025,과학기술정보통신부,스마트서비스창출기반확충,국내우수중소기업혁신기술전시지원,400.0,C1 수출 마케팅·수출업체 육성,0.267,H1 컨설팅·교육·마케팅 지원,내용기반(저신뢰),산출근거
5728,2025,과학기술정보통신부,원자력국제협력기반조성사업(R&D),원자력기술유망기업육성및수출지원,381.0,C1 수출 마케팅·수출업체 육성,0.137,A4 바이오·전략기술 개발·사업화,내용기반(저신뢰),산출근거
8417,2026,국가유산청,국가유산 사회적 기업 육성,국가유산 사회적 기업 사업 개발 지원,360.0,B1 창업·벤처 육성,0.17,A8 실증·상용화·확산(AI·디지털),내용기반(저신뢰),산출근거
2752,2024,과학기술정보통신부,지역디지털기초체력지원(제주),지역디지털기업성장지원(舊지역SW서비스사업화)(제주),324.0,A8 실증·상용화·확산(AI·디지털),0.58,H1 컨설팅·교육·마케팅 지원,내용기반,목적(대체)
2751,2024,과학기술정보통신부,지역디지털기초체력지원(세종),지역디지털기업성장지원(舊지역SW서비스사업화)(세종),324.0,A8 실증·상용화·확산(AI·디지털),0.615,H1 컨설팅·교육·마케팅 지원,내용기반,목적(대체)
2764,2024,과학기술정보통신부,전파기반신산업창출및중소기업육성,중소기업전파공동엔지니어링랩운영지원,319.0,A2 원천·핵심기술 개발(출연연·국산화),0.162,H1 컨설팅·교육·마케팅 지원,내용기반(저신뢰),공고+산출근거
2970,2024,농림축산식품부,국가식품산업클러스터,산학연네트워크구축,306.0,A7 산학협력 연구 및 연구인력 양성,0.181,C1 수출 마케팅·수출업체 육성,내용기반(저신뢰),목적(대체)
5508,2025,중소벤처기업부,지역특화산업육성+(세종)(R&D),지역주력산업육성(세종R&D),300.0,A9 기술사업화·기술이전 촉진,0.231,A8 실증·상용화·확산(AI·디지털),내용기반(저신뢰),목적(대체)
8818,2026,산업통상부,생활산업경쟁력강화,3D융합안경테제조기반구축,300.0,A8 실증·상용화·확산(AI·디지털),0.253,A1 산업기술 개발(일반 R&D),내용기반(저신뢰),산출근거
8545,2026,농림축산식품부,국가식품산업클러스터,산학연 네트워크 구축,288.0,A9 기술사업화·기술이전 촉진,0.189,B1 창업·벤처 육성,내용기반(저신뢰),산출근거
5883,2025,농림축산식품부,국가식품산업클러스터,산학연네트워크구축,288.0,A7 산학협력 연구 및 연구인력 양성,0.181,C1 수출 마케팅·수출업체 육성,내용기반(저신뢰),목적(대체)
5703,2025,과학기술정보통신부,전파기반신산업창출및중소기업육성,중소기업전파공동엔지니어링랩운영지원,274.0,A2 원천·핵심기술 개발(출연연·국산화),0.162,H1 컨설팅·교육·마케팅 지원,내용기반(저신뢰),산출근거
2766,2024,과학기술정보통신부,전파기반신산업창출및중소기업육성,고출력전자파침해대응산업활성화,251.0,E1 생산·가공시설 현대화 및 인증(농식품 등),0.23,D1 정책자금 융자(운전·시설자금),내용기반(저신뢰),산출근거
3127,2024,산업통상부,생활산업경쟁력강화,3D융합안경테제조기반구축,220.0,A8 실증·상용화·확산(AI·디지털),0.253,A1 산업기술 개발(일반 R&D),내용기반(저신뢰),산출근거
8684,2026,과학기술정보통신부,전파기반신산업창출및중소기업육성,중소기업전파공동엔지니어링랩운영지원,219.0,A2 원천·핵심기술 개발(출연연·국산화),0.162,H1 컨설팅·교육·마케팅 지원,내용기반(저신뢰),공고+산출근거
5705,2025,과학기술정보통신부,전파기반신산업창출및중소기업육성,고출력전자파침해대응산업활성화,216.0,E1 생산·가공시설 현대화 및 인증(농식품 등),0.23,D1 정책자금 융자(운전·시설자금),내용기반(저신뢰),산출근거
2825,2024,과학기술정보통신부,스마트서비스창출기반확충,해외바이어상담회개최,200.0,C1 수출 마케팅·수출업체 육성,0.96,C2 해외시장 진출 지원,내용기반,산출근거
8714,2026,과학기술정보통신부,국제기구를통한정보화분야해외진출지원(정보화),국제기구를통한정보화분야해외진출지원,194.0,C2 해외시장 진출 지원,0.38,A8 실증·상용화·확산(AI·디지털),내용기반(저신뢰),산출근거
5737,2025,과학기술정보통신부,국제기구를통한정보화분야해외진출지원(정보화),국제기구를통한정보화분야해외진출지원,194.0,C2 해외시장 진출 지원,0.38,A8 실증·상용화·확산(AI·디지털),내용기반(저신뢰),산출근거
2807,2024,과학기술정보통신부,국제기구를통한정보화분야해외진출지원(정보화),국제기구를통한정보화분야해외진출지원,194.0,C2 해외시장 진출 지원,0.38,A8 실증·상용화·확산(AI·디지털),내용기반(저신뢰),산출근거
2768,2024,과학기술정보통신부,전파기반중소기업전자파대책기술지원,고품질전자파부품·소재개발지원,185.0,A1 산업기술 개발(일반 R&D),0.249,A8 실증·상용화·확산(AI·디지털),내용기반(저신뢰),산출근거
6021,2025,산업통상부,생활산업경쟁력강화,3D융합안경테제조기반구축,180.0,A8 실증·상용화·확산(AI·디지털),0.253,A1 산업기술 개발(일반 R&D),내용기반(저신뢰),산출근거
8686,2026,과학기술정보통신부,전파기반신산업창출및중소기업육성,고출력전자파침해대응산업활성화,173.0,E1 생산·가공시설 현대화 및 인증(농식품 등),0.23,D1 정책자금 융자(운전·시설자금),내용기반(저신뢰),산출근거
8668,2026,행정안전부,착한가격업소 활성화 지원(제주),착한가격업소 활성화 지원(제주),164.0,D1 정책자금 융자(운전·시설자금),0.339,A8 실증·상용화·확산(AI·디지털),내용기반(저신뢰),산출근거
5707,2025,과학기술정보통신부,전파기반중소기업전자파대책기술지원,고품질전자파부품·소재개발지원,163.0,A1 산업기술 개발(일반 R&D),0.249,A8 실증·상용화·확산(AI·디지털),내용기반(저신뢰),산출근거
2797,2024,과학기술정보통신부,우주개발기반조성및성과확산사업(R&D),우주기술스핀오프지원,160.0,A1 산업기술 개발(일반 R&D),0.489,A3 산학연 공동 R&D 수행,내용기반(저신뢰),산출근거
3160,2024,산업통상부,대한상사중재원지원,알선‧상담사업지원비,140.0,G1 고용 창출·유지(고용장려금),0.141,H1 컨설팅·교육·마케팅 지원,내용기반(저신뢰),산출근거
8840,2026,산업통상부,대한상사중재원지원,알선‧상담사업지원비,130.0,G1 고용 창출·유지(고용장려금),0.141,H1 컨설팅·교육·마케팅 지원,내용기반(저신뢰),산출근거
6045,2025,산업통상부,대한상사중재원지원,알선‧상담사업지원비,130.0,G1 고용 창출·유지(고용장려금),0.141,H1 컨설팅·교육·마케팅 지원,내용기반(저신뢰),산출근거
8688,2026,과학기술정보통신부,전파기반중소기업전자파대책기술지원,고품질전자파부품·소재개발지원,129.0,A1 산업기술 개발(일반 R&D),0.249,A8 실증·상용화·확산(AI·디지털),내용기반(저신뢰),산출근거
5832,2025,국토교통부,물류산업지원,물류기업해외진출지원,110.0,F1 전문인력 양성·채용 지원,0.488,C1 수출 마케팅·수출업체 육성,내용기반(저신뢰),목적(대체)
2919,2024,국토교통부,물류산업지원,물류기업해외진출지원,110.0,F1 전문인력 양성·채용 지원,0.488,C1 수출 마케팅·수출업체 육성,내용기반(저신뢰),목적(대체)
6190,2025,행정안전부,재난안전산업활성화,온·오프라인K-Safety홍보마케팅,100.0,H1 컨설팅·교육·마케팅 지원,0.28,C1 수출 마케팅·수출업체 육성,내용기반(저신뢰),목적(대체)
5751,2025,과학기술정보통신부,스마트서비스창출기반확충,해외바이어상담회개최,100.0,C1 수출 마케팅·수출업체 육성,0.96,C2 해외시장 진출 지원,내용기반,산출근거
3300,2024,행정안전부,재난안전산업활성화,선도재난안전기업해외수출역량강화지원,100.0,C1 수출 마케팅·수출업체 육성,0.415,H1 컨설팅·교육·마케팅 지원,내용기반(저신뢰),목적(대체)
3299,2024,행정안전부,재난안전산업활성화,온·오프라인K-Safety홍보마케팅,100.0,H1 컨설팅·교육·마케팅 지원,0.28,C1 수출 마케팅·수출업체 육성,내용기반(저신뢰),목적(대체)
8430,2026,국토교통부,조경산업활성화지원,조경박람회개최,100.0,C1 수출 마케팅·수출업체 육성,0.316,A2 원천·핵심기술 개발(출연연·국산화),내용기반(저신뢰),산출근거
8669,2026,행정안전부,착한가격업소 활성화 지원(세종),착한가격업소 활성화 지원(세종),26.0,D1 정책자금 융자(운전·시설자금),0.324,A8 실증·상용화·확산(AI·디지털),내용기반(저신뢰),산출근거
