지원산업,태그 건수 2024,태그 예산 2024(조원),태그 건수 2025,태그 예산 2025(조원),태그 건수 2026,태그 예산 2026(조원),태그 예산 비중 2026(%)
S1 인공지능(AI)·데이터,58,0.75,55,1.17,68,1.86,6.0
S2 디지털·SW·정보통신,133,1.38,111,1.28,68,1.15,3.7
S3 반도체·디스플레이,29,0.27,27,0.23,25,0.3,1.0
S4 바이오·헬스,27,0.18,19,0.17,30,0.46,1.5
S5 에너지·환경,90,2.31,89,2.45,90,2.88,9.3
S6 모빌리티·항공우주·조선,46,0.39,37,0.43,37,0.45,1.5
S7 소재·부품·장비·제조혁신,115,3.05,103,3.22,86,3.32,10.7
S8 콘텐츠·문화·관광·스포츠,62,1.46,57,1.51,47,1.6,5.2
S9 농림축산식품·해양수산,108,1.59,98,1.54,86,1.62,5.2
S10 유통·물류·생활서비스,29,0.61,24,0.29,20,0.31,1.0
