지원산업(주),A. 기술혁신 촉진(개발·실증·사업화),B. 창업·벤처 육성,C. 수출·해외진출 촉진,D. 자금조달·경영안정 지원(융자·보증·비용보전),E. 생산기반 현대화·친환경 전환(시설·설비),F. 전문인력 양성·채용 지원,G. 고용 창출·유지 및 노동환경 개선,H. 경영역량 강화·사업화 지원(컨설팅·마케팅·디자인)
S0 업종 공통(산업 무관),1706494.0,1545527.0,878343.0,12881283.0,13027.0,88065.0,2810538.0,776202.0
S1 인공지능(AI)·데이터,479630.0,33362.0,28600.0,3811.0,0.0,14550.0,1500.0,14360.0
S10 유통·물류·생활서비스,0.0,0.0,80809.0,0.0,0.0,1100.0,0.0,87944.0
S2 디지털·SW·정보통신,250114.0,18405.0,18358.0,8956.0,475.0,30850.0,0.0,9235.0
S3 반도체·디스플레이,66546.0,8758.0,0.0,0.0,0.0,0.0,0.0,0.0
S4 바이오·헬스,183611.0,1914.0,26384.0,0.0,0.0,198479.0,0.0,525.0
S5 에너지·환경,639349.0,34643.0,114775.0,314216.0,1460102.0,6360.0,0.0,47816.0
S6 모빌리티·항공우주·조선,283321.0,3200.0,81728.0,0.0,13500.0,0.0,4840.0,3870.0
S7 소재·부품·장비·제조혁신,2157219.0,0.0,11488.0,416610.0,0.0,2000.0,7434.0,185053.0
S8 콘텐츠·문화·관광·스포츠,82894.0,70952.0,265864.0,945510.0,0.0,26552.0,0.0,39067.0
S9 농림축산식품·해양수산,86621.0,37591.0,826996.0,290328.0,214388.0,0.0,2020.0,7442.0
