지원산업(주),I0 지원형태 미기재,I1 R&D 과제 출연(연구개발비),I10 직접 수행(직접사업),I2 출연(기관 운영·인프라·위탁 서비스),I3 보조금(사업비 보조·매칭),I4 융자(정책자금 대출),I5 장려금·수당 직접지급,I6 혼합(출연+보조+직접 등 복수 형태),I8 보증·보험(신용보강),I9 바우처
S0 업종 공통(산업 무관),0.0,2412217.0,391739.0,892301.0,1063003.0,7709466.0,1432784.0,1168842.0,4730303.0,898824.0
S1 인공지능(AI)·데이터,0.0,53703.0,3900.0,224986.0,83060.0,3811.0,0.0,89397.0,0.0,116956.0
S10 유통·물류·생활서비스,0.0,0.0,0.0,0.0,134244.0,0.0,0.0,35609.0,0.0,0.0
S2 디지털·SW·정보통신,0.0,153095.0,0.0,143481.0,14438.0,0.0,0.0,530.0,8956.0,15893.0
S3 반도체·디스플레이,0.0,56463.0,0.0,18841.0,0.0,0.0,0.0,0.0,0.0,0.0
S4 바이오·헬스,0.0,112962.0,1672.0,62414.0,217621.0,0.0,0.0,16244.0,0.0,0.0
S5 에너지·환경,0.0,652745.0,19055.0,6411.0,483194.0,1367160.0,0.0,69253.0,17046.0,2397.0
S6 모빌리티·항공우주·조선,0.0,254752.0,24088.0,98119.0,13500.0,0.0,0.0,0.0,0.0,0.0
S7 소재·부품·장비·제조혁신,6228.0,1775244.0,8428.0,62271.0,103613.0,733900.0,0.0,24886.0,0.0,65234.0
S8 콘텐츠·문화·관광·스포츠,0.0,50219.0,38818.0,0.0,395638.0,911760.0,0.0,0.0,34404.0,0.0
S9 농림축산식품·해양수산,100500.0,77707.0,0.0,23641.0,180161.0,1034161.0,0.0,11180.0,0.0,38036.0
