지원산업(주),고용노동부,과학기술정보통신부,교육부,국가유산청,국토교통부,금융위원회,기상청,기후에너지환경부,농림축산식품부,문화체육관광부,방송미디어통신위원회,보건복지부,산림청,산업통상부,성평등가족부,식품의약품안전처,우주항공청,조달청,중소벤처기업부,지식재산처,해양수산부,행정안전부
S0 업종 공통(산업 무관),3388769.0,82591.0,1660.0,360.0,57347.0,3650601.0,1388.0,8527.0,7948.0,12749.0,0.0,0.0,0.0,1133543.0,2070.0,3634.0,0.0,94699.0,12158966.0,74377.0,0.0,20250.0
S1 인공지능(AI)·데이터,1500.0,307833.0,0.0,0.0,700.0,0.0,2097.0,30500.0,40000.0,0.0,0.0,13000.0,0.0,23061.0,0.0,15000.0,1000.0,0.0,116122.0,0.0,25000.0,0.0
S10 유통·물류·생활서비스,0.0,0.0,0.0,0.0,0.0,0.0,0.0,0.0,0.0,0.0,0.0,0.0,0.0,45200.0,0.0,0.0,0.0,0.0,123553.0,0.0,1100.0,0.0
S2 디지털·SW·정보통신,0.0,322678.0,0.0,0.0,1150.0,9235.0,0.0,0.0,990.0,0.0,0.0,0.0,0.0,2340.0,0.0,0.0,0.0,0.0,0.0,0.0,0.0,0.0
S3 반도체·디스플레이,0.0,0.0,0.0,0.0,0.0,0.0,0.0,0.0,0.0,0.0,0.0,0.0,0.0,75304.0,0.0,0.0,0.0,0.0,0.0,0.0,0.0,0.0
S4 바이오·헬스,0.0,0.0,0.0,0.0,0.0,0.0,0.0,0.0,525.0,0.0,0.0,219896.0,0.0,182820.0,0.0,1672.0,0.0,0.0,3000.0,0.0,3000.0,0.0
S5 에너지·환경,0.0,13800.0,0.0,0.0,0.0,0.0,0.0,2546502.0,0.0,0.0,0.0,0.0,0.0,52143.0,0.0,0.0,0.0,0.0,0.0,0.0,4816.0,0.0
S6 모빌리티·항공우주·조선,0.0,0.0,0.0,0.0,54772.0,0.0,0.0,0.0,0.0,0.0,0.0,0.0,0.0,308587.0,0.0,0.0,11200.0,0.0,0.0,0.0,15900.0,0.0
S7 소재·부품·장비·제조혁신,4108.0,118633.0,0.0,0.0,0.0,0.0,0.0,17581.0,0.0,0.0,0.0,0.0,4500.0,1672648.0,0.0,0.0,8228.0,0.0,947976.0,0.0,6130.0,0.0
S8 콘텐츠·문화·관광·스포츠,0.0,1951.0,0.0,0.0,0.0,0.0,0.0,0.0,0.0,1415698.0,2111.0,0.0,0.0,0.0,0.0,0.0,0.0,0.0,10425.0,654.0,0.0,0.0
S9 농림축산식품·해양수산,0.0,4440.0,0.0,0.0,0.0,0.0,0.0,0.0,1139442.0,0.0,0.0,0.0,3088.0,0.0,0.0,375.0,0.0,0.0,0.0,0.0,318041.0,0.0
