지원산업(주),K0 내용 미기재,K1 기술개발 과제 수행(연구개발비),K10 고용장려금·인건비·공제 지급,K11 환경·안전 설비 구축 및 관리,K2 산업 생태계·협력 기반 조성(플랫폼·네트워크),K3 지역·사회적경제·창업 활성화 프로그램,K4 자금 융자·보증 제공(운전·시설자금),K5 창업 사업화자금·투자연계·보육,K6 해외진출·수출 지원(전시·상담·현지화),K7 사업비용 보조(전시·인증·컨설팅·기술도입 비용),K8 컨설팅·인증·시험·홍보 서비스 제공,K9 교육·훈련 과정 운영
S0 업종 공통(산업 무관),0.0,754678.0,1753686.0,590628.0,791330.0,259647.0,12162661.0,2307443.0,189142.0,1142194.0,321558.0,426512.0
S1 인공지능(AI)·데이터,0.0,351540.0,0.0,0.0,4800.0,2097.0,0.0,42712.0,21600.0,134804.0,14360.0,3900.0
S10 유통·물류·생활서비스,0.0,0.0,0.0,0.0,0.0,10325.0,0.0,0.0,45200.0,114328.0,0.0,0.0
S2 디지털·SW·정보통신,0.0,205926.0,0.0,574.0,7740.0,520.0,0.0,11122.0,12968.0,32222.0,64693.0,628.0
S3 반도체·디스플레이,0.0,57551.0,0.0,0.0,8995.0,8758.0,0.0,0.0,0.0,0.0,0.0,0.0
S4 바이오·헬스,4000.0,123314.0,0.0,0.0,0.0,217096.0,0.0,0.0,5290.0,57058.0,4155.0,0.0
S5 에너지·환경,0.0,508296.0,15200.0,1166711.0,6500.0,10245.0,665046.0,34820.0,23217.0,46858.0,140368.0,0.0
S6 모빌리티·항공우주·조선,0.0,270853.0,0.0,16413.0,3200.0,8100.0,70500.0,0.0,11228.0,0.0,1455.0,8710.0
S7 소재·부품·장비·제조혁신,6228.0,1450384.0,0.0,15759.0,357238.0,0.0,416610.0,98000.0,0.0,90558.0,339267.0,5760.0
S8 콘텐츠·문화·관광·스포츠,0.0,20191.0,0.0,0.0,9275.0,141401.0,1000422.0,102506.0,70846.0,37074.0,49124.0,0.0
S9 농림축산식품·해양수산,706500.0,63252.0,0.0,38036.0,2855.0,9539.0,397441.0,39876.0,140822.0,46431.0,20259.0,375.0
