id,year,소관,세부사업명,내역사업명,내역예산,대분류,대상유형,수단유형,내용유형,지원산업(주),지원산업(태그),태그수,AI관여도
8293,2026,중소벤처기업부,ICT융합스마트공장보급·확산,제조혁신구축지원,317290.0,A. 기술혁신 촉진(개발·실증·사업화),T1 중소·중견기업(일반·업종·지역 특정),I4 융자(정책자금 대출),K8 컨설팅·인증·시험·홍보 서비스 제공,S7 소재·부품·장비·제조혁신,S1;S2;S7,3,활용
8386,2026,고용노동부,국가인적자원개발컨소시엄지원,산업맞춤형,154840.0,G. 고용 창출·유지 및 노동환경 개선,T6 사업주·근로자(고용·산재보험 가입),I3 보조금(사업비 보조·매칭),K9 교육·훈련 과정 운영,S0 업종 공통(산업 무관),S1,1,활용
8329,2026,중소벤처기업부,창업사업화지원,초격차스타트업프로젝트,145622.0,A. 기술혁신 촉진(개발·실증·사업화),T3 예비창업자·창업기업,I8 보증·보험(신용보강),K5 창업 사업화자금·투자연계·보육,S0 업종 공통(산업 무관),S1,1,활용
8750,2026,과학기술정보통신부,차세대네트워크(6G)산업기술개발(R&D),차세대네트워크(6G)산업기술개발,104120.0,A. 기술혁신 촉진(개발·실증·사업화),T5 산학연 연구수행기관(기업·대학·연구소 컨소시엄),I1 R&D 과제 출연(연구개발비),K1 기술개발 과제 수행(연구개발비),S2 디지털·SW·정보통신,S1;S2,2,활용
8350,2026,중소벤처기업부,창업성공패키지,창업성공패키지,102531.0,B. 창업·벤처 육성,T1 중소·중견기업(일반·업종·지역 특정),I10 직접 수행(직접사업),K5 창업 사업화자금·투자연계·보육,S0 업종 공통(산업 무관),S1,1,활용
8360,2026,중소벤처기업부,지역혁신선도기업육성(R&D),주력산업생태계구축,72847.0,H. 경영역량 강화·사업화 지원(컨설팅·마케팅·디자인),T5 산학연 연구수행기관(기업·대학·연구소 컨소시엄),I2 출연(기관 운영·인프라·위탁 서비스),K5 창업 사업화자금·투자연계·보육,S0 업종 공통(산업 무관),S1,1,활용
8721,2026,과학기술정보통신부,AI반도체실증지원,국산 AI반도체 조기상용화 지원,68685.0,A. 기술혁신 촉진(개발·실증·사업화),T5 산학연 연구수행기관(기업·대학·연구소 컨소시엄),I2 출연(기관 운영·인프라·위탁 서비스),K7 사업비용 보조(전시·인증·컨설팅·기술도입 비용),S1 인공지능(AI)·데이터,S1;S2;S3,3,핵심
8308,2026,중소벤처기업부,중소기업혁신바우처지원사업,중소기업혁신바우처지원사업,65234.0,H. 경영역량 강화·사업화 지원(컨설팅·마케팅·디자인),T1 중소·중견기업(일반·업종·지역 특정),I9 바우처,K7 사업비용 보조(전시·인증·컨설팅·기술도입 비용),S7 소재·부품·장비·제조혁신,S1;S7,2,활용
8296,2026,중소벤처기업부,ICT융합스마트공장보급·확산,AI 응용제품 신속 상용화,64500.0,A. 기술혁신 촉진(개발·실증·사업화),T1 중소·중견기업(일반·업종·지역 특정),I6 혼합(출연+보조+직접 등 복수 형태),K1 기술개발 과제 수행(연구개발비),S1 인공지능(AI)·데이터,S1;S2;S7,3,핵심
8594,2026,문화체육관광부,게임산업 육성,게임기업 육성,51578.0,C. 수출·해외진출 촉진,T7 일반 국민·산업 종사자·창작자,I3 보조금(사업비 보조·매칭),K6 해외진출·수출 지원(전시·상담·현지화),S8 콘텐츠·문화·관광·스포츠,S1;S8;S9,3,활용
8775,2026,산업통상부,전자부품산업기술개발(R&D),주력산업IT융합,50560.0,A. 기술혁신 촉진(개발·실증·사업화),T5 산학연 연구수행기관(기업·대학·연구소 컨소시엄),I1 R&D 과제 출연(연구개발비),K1 기술개발 과제 수행(연구개발비),S7 소재·부품·장비·제조혁신,S1;S7,2,활용
8572,2026,농림축산식품부,AI 응용제품 신속 상용화 지원사업(농업),AI 응용제품 신속 상용화 지원사업(농업),40000.0,A. 기술혁신 촉진(개발·실증·사업화),T9 농어업인·농식품·수산업체,I3 보조금(사업비 보조·매칭),K1 기술개발 과제 수행(연구개발비),S1 인공지능(AI)·데이터,S1;S9,2,핵심
8385,2026,고용노동부,사업주직업훈련지원금,현장맞춤형체계적훈련,35899.0,G. 고용 창출·유지 및 노동환경 개선,T6 사업주·근로자(고용·산재보험 가입),I6 혼합(출연+보조+직접 등 복수 형태),K9 교육·훈련 과정 운영,S0 업종 공통(산업 무관),S1,1,활용
8323,2026,중소벤처기업부,창업생태계활성화지원,AX창업허브,33362.0,B. 창업·벤처 육성,T7 일반 국민·산업 종사자·창작자,I9 바우처,K5 창업 사업화자금·투자연계·보육,S1 인공지능(AI)·데이터,S1,1,핵심
8496,2026,기후에너지환경부,AI응용제품 신속 상용화 지원사업(환경),AI응용제품 신속 상용화 지원사업(환경),30500.0,A. 기술혁신 촉진(개발·실증·사업화),"T8 수요·제도 연계 사업체 및 공공기관(수요기업, 설비 설치자, 지자체 등)",I2 출연(기관 운영·인프라·위탁 서비스),K7 사업비용 보조(전시·인증·컨설팅·기술도입 비용),S1 인공지능(AI)·데이터,S1;S5,2,핵심
8680,2026,과학기술정보통신부,지역디지털인재양성,ICT이노베이션스퀘어조성,30222.0,F. 전문인력 양성·채용 지원,"T2 중소·벤처기업(특정 요건·단계: 글로벌 진출 희망, 인증, 재직자 등)",I2 출연(기관 운영·인프라·위탁 서비스),K8 컨설팅·인증·시험·홍보 서비스 제공,S2 디지털·SW·정보통신,S1;S2,2,활용
8769,2026,과학기술정보통신부,AI통합바우처,AX원스톱바우처지원,30000.0,A. 기술혁신 촉진(개발·실증·사업화),"T2 중소·벤처기업(특정 요건·단계: 글로벌 진출 희망, 인증, 재직자 등)",I9 바우처,K1 기술개발 과제 수행(연구개발비),S1 인공지능(AI)·데이터,S1,1,핵심
8770,2026,과학기술정보통신부,AI통합바우처,AI바우처지원,27625.0,A. 기술혁신 촉진(개발·실증·사업화),"T2 중소·벤처기업(특정 요건·단계: 글로벌 진출 희망, 인증, 재직자 등)",I9 바우처,K1 기술개발 과제 수행(연구개발비),S1 인공지능(AI)·데이터,S1,1,핵심
8345,2026,중소벤처기업부,연수사업,연수사업,25931.0,F. 전문인력 양성·채용 지원,T4 소상공인·소공인,I10 직접 수행(직접사업),K9 교육·훈련 과정 운영,S0 업종 공통(산업 무관),S1,1,활용
8659,2026,해양수산부,AI응용제품신속상용화지원사업,AI응용제품신속상용화지원사업,25000.0,A. 기술혁신 촉진(개발·실증·사업화),"T2 중소·벤처기업(특정 요건·단계: 글로벌 진출 희망, 인증, 재직자 등)",I2 출연(기관 운영·인프라·위탁 서비스),K1 기술개발 과제 수행(연구개발비),S1 인공지능(AI)·데이터,S1,1,핵심
8720,2026,과학기술정보통신부,AI반도체실증지원,온디바이스AI서비스실증.확산,24000.0,A. 기술혁신 촉진(개발·실증·사업화),T5 산학연 연구수행기관(기업·대학·연구소 컨소시엄),I2 출연(기관 운영·인프라·위탁 서비스),K1 기술개발 과제 수행(연구개발비),S1 인공지능(AI)·데이터,S1;S3,2,핵심
8288,2026,중소벤처기업부,스마트제조혁신기술개발사업(R&D),스마트제조혁신기술개발사업,23326.0,A. 기술혁신 촉진(개발·실증·사업화),T1 중소·중견기업(일반·업종·지역 특정),I1 R&D 과제 출연(연구개발비),K1 기술개발 과제 수행(연구개발비),S7 소재·부품·장비·제조혁신,S1;S7,2,활용
8260,2026,중소벤처기업부,기업가형소상공인육성,혁신소상공인창업지원,22550.0,B. 창업·벤처 육성,T3 예비창업자·창업기업,I3 보조금(사업비 보조·매칭),K5 창업 사업화자금·투자연계·보육,S0 업종 공통(산업 무관),S1,1,활용
8728,2026,과학기술정보통신부,융합서비스글로벌시장진출지원,AI-반도체해외실증지원,21600.0,C. 수출·해외진출 촉진,"T2 중소·벤처기업(특정 요건·단계: 글로벌 진출 희망, 인증, 재직자 등)",I2 출연(기관 운영·인프라·위탁 서비스),K6 해외진출·수출 지원(전시·상담·현지화),S1 인공지능(AI)·데이터,S1;S3,2,핵심
8698,2026,과학기술정보통신부,방송통신산업기술개발(R&D),차세대무선통신,21454.0,A. 기술혁신 촉진(개발·실증·사업화),T5 산학연 연구수행기관(기업·대학·연구소 컨소시엄),I1 R&D 과제 출연(연구개발비),K1 기술개발 과제 수행(연구개발비),S2 디지털·SW·정보통신,S1;S2;S8,3,활용
8772,2026,과학기술정보통신부,AI통합바우처,고성능컴퓨팅지원,18000.0,A. 기술혁신 촉진(개발·실증·사업화),"T2 중소·벤처기업(특정 요건·단계: 글로벌 진출 희망, 인증, 재직자 등)",I6 혼합(출연+보조+직접 등 복수 형태),K7 사업비용 보조(전시·인증·컨설팅·기술도입 비용),S1 인공지능(AI)·데이터,S1,1,핵심
8722,2026,과학기술정보통신부,AI반도체실증지원,AX 실증지원,16000.0,A. 기술혁신 촉진(개발·실증·사업화),T5 산학연 연구수행기관(기업·대학·연구소 컨소시엄),I1 R&D 과제 출연(연구개발비),K1 기술개발 과제 수행(연구개발비),S1 인공지능(AI)·데이터,S1;S3,2,핵심
8620,2026,식품의약품안전처,AI응용제품 신속 상용화 지원사업(식품·의료기기 등),AI 응용 식품 및 디지털의료제품 신속 상용화 지원,15000.0,A. 기술혁신 촉진(개발·실증·사업화),"T8 수요·제도 연계 사업체 및 공공기관(수요기업, 설비 설치자, 지자체 등)",I3 보조금(사업비 보조·매칭),K1 기술개발 과제 수행(연구개발비),S1 인공지능(AI)·데이터,S1;S4;S9,3,핵심
8264,2026,중소벤처기업부,기업가형소상공인육성,혁신소상공인AI활용지원,14360.0,H. 경영역량 강화·사업화 지원(컨설팅·마케팅·디자인),T3 예비창업자·창업기업,I3 보조금(사업비 보조·매칭),K8 컨설팅·인증·시험·홍보 서비스 제공,S1 인공지능(AI)·데이터,S1,1,핵심
8672,2026,보건복지부,AI응용제품 신속 상용화 지원(보건),의료 AI 상용화 지원,13000.0,A. 기술혁신 촉진(개발·실증·사업화),T7 일반 국민·산업 종사자·창작자,I3 보조금(사업비 보조·매칭),K1 기술개발 과제 수행(연구개발비),S1 인공지능(AI)·데이터,S1;S4,2,핵심
8294,2026,중소벤처기업부,ICT융합스마트공장보급·확산,제조혁신인프라조성,12126.0,A. 기술혁신 촉진(개발·실증·사업화),T1 중소·중견기업(일반·업종·지역 특정),I6 혼합(출연+보조+직접 등 복수 형태),K8 컨설팅·인증·시험·홍보 서비스 제공,S7 소재·부품·장비·제조혁신,S1;S2;S7,3,활용
8768,2026,과학기술정보통신부,AIAGENT선도국가사업,AIAGENT융합･확산지원,10000.0,A. 기술혁신 촉진(개발·실증·사업화),"T8 수요·제도 연계 사업체 및 공공기관(수요기업, 설비 설치자, 지자체 등)",I2 출연(기관 운영·인프라·위탁 서비스),K1 기술개발 과제 수행(연구개발비),S1 인공지능(AI)·데이터,S1,1,핵심
8771,2026,과학기술정보통신부,AI통합바우처,데이터바우처,9350.0,A. 기술혁신 촉진(개발·실증·사업화),"T2 중소·벤처기업(특정 요건·단계: 글로벌 진출 희망, 인증, 재직자 등)",I9 바우처,K5 창업 사업화자금·투자연계·보육,S1 인공지능(AI)·데이터,S1,1,핵심
8694,2026,과학기술정보통신부,데이터기반산업경쟁력강화,데이터유통·활용생태계조성,9119.0,A. 기술혁신 촉진(개발·실증·사업화),"T2 중소·벤처기업(특정 요건·단계: 글로벌 진출 희망, 인증, 재직자 등)",I9 바우처,K7 사업비용 보조(전시·인증·컨설팅·기술도입 비용),S1 인공지능(AI)·데이터,S1,1,활용
8693,2026,과학기술정보통신부,클라우드컴퓨팅산업육성(정보화),클라우드서비스활성화및기업경쟁력강화,8993.0,A. 기술혁신 촉진(개발·실증·사업화),"T8 수요·제도 연계 사업체 및 공공기관(수요기업, 설비 설치자, 지자체 등)",I9 바우처,K7 사업비용 보조(전시·인증·컨설팅·기술도입 비용),S2 디지털·SW·정보통신,S1;S2,2,활용
8715,2026,과학기술정보통신부,정보통신기반보호강화(정보화),ICT중소기업정보보호안전망확충,8956.0,D. 자금조달·경영안정 지원(융자·보증·비용보전),"T2 중소·벤처기업(특정 요건·단계: 글로벌 진출 희망, 인증, 재직자 등)",I8 보증·보험(신용보강),K8 컨설팅·인증·시험·홍보 서비스 제공,S2 디지털·SW·정보통신,S1;S2,2,활용
8742,2026,과학기술정보통신부,인공지능반도체SW통합플랫폼기술개발(R&D),인공지능반도체SW통합플랫폼기술개발,8800.0,A. 기술혁신 촉진(개발·실증·사업화),T5 산학연 연구수행기관(기업·대학·연구소 컨소시엄),I1 R&D 과제 출연(연구개발비),K1 기술개발 과제 수행(연구개발비),S1 인공지능(AI)·데이터,S1;S2;S3,3,핵심
8718,2026,과학기술정보통신부,디지털전문·융합인재양성,산업재직자AI역량강화,8400.0,F. 전문인력 양성·채용 지원,"T2 중소·벤처기업(특정 요건·단계: 글로벌 진출 희망, 인증, 재직자 등)",I2 출연(기관 운영·인프라·위탁 서비스),K1 기술개발 과제 수행(연구개발비),S1 인공지능(AI)·데이터,S1;S2,2,핵심
8786,2026,산업통상부,PIM인공지능반도체핵심기술개발(R&D),PIM인공지능반도체핵심기술개발(R&D),7800.0,A. 기술혁신 촉진(개발·실증·사업화),T5 산학연 연구수행기관(기업·대학·연구소 컨소시엄),I1 R&D 과제 출연(연구개발비),K1 기술개발 과제 수행(연구개발비),S1 인공지능(AI)·데이터,S1;S3;S7,3,핵심
8767,2026,과학기술정보통신부,AX혁신기업창의기술개발(R&D),AX혁신기업창의기술개발,7500.0,A. 기술혁신 촉진(개발·실증·사업화),"T8 수요·제도 연계 사업체 및 공공기관(수요기업, 설비 설치자, 지자체 등)",I9 바우처,K1 기술개발 과제 수행(연구개발비),S1 인공지능(AI)·데이터,S1;S2;S4;S6;S7,5,핵심
8755,2026,과학기술정보통신부,AI반도체첨단이종집적기술개발(R&D),AI반도체첨단이종집적기술개발,7342.0,A. 기술혁신 촉진(개발·실증·사업화),T5 산학연 연구수행기관(기업·대학·연구소 컨소시엄),I1 R&D 과제 출연(연구개발비),K1 기술개발 과제 수행(연구개발비),S1 인공지능(AI)·데이터,S1;S3,2,핵심
8248,2026,중소벤처기업부,소공인특화지원,판로개척지원,6694.0,H. 경영역량 강화·사업화 지원(컨설팅·마케팅·디자인),T4 소상공인·소공인,I9 바우처,K8 컨설팅·인증·시험·홍보 서비스 제공,S0 업종 공통(산업 무관),S1,1,활용
8883,2026,산업통상부,산업AI용데이터전처리자동화기술개발(R&D),산업AI용데이터전처리자동화기술개발,6325.0,A. 기술혁신 촉진(개발·실증·사업화),T5 산학연 연구수행기관(기업·대학·연구소 컨소시엄),I1 R&D 과제 출연(연구개발비),K1 기술개발 과제 수행(연구개발비),S1 인공지능(AI)·데이터,S1,1,핵심
8299,2026,중소벤처기업부,지역특화제조데이터활성화,지역특화제조데이터활성화,6000.0,A. 기술혁신 촉진(개발·실증·사업화),T1 중소·중견기업(일반·업종·지역 특정),I2 출연(기관 운영·인프라·위탁 서비스),K1 기술개발 과제 수행(연구개발비),S7 소재·부품·장비·제조혁신,S1;S7,2,활용
8773,2026,과학기술정보통신부,AI통합바우처,중소기업등클라우드서비스보급･확산,4800.0,A. 기술혁신 촉진(개발·실증·사업화),"T2 중소·벤처기업(특정 요건·단계: 글로벌 진출 희망, 인증, 재직자 등)",I6 혼합(출연+보조+직접 등 복수 형태),K2 산업 생태계·협력 기반 조성(플랫폼·네트워크),S1 인공지능(AI)·데이터,S1;S2,2,핵심
8719,2026,과학기술정보통신부,AI반도체실증지원,AI반도체응용실증지원,4685.0,A. 기술혁신 촉진(개발·실증·사업화),T5 산학연 연구수행기관(기업·대학·연구소 컨소시엄),I2 출연(기관 운영·인프라·위탁 서비스),K1 기술개발 과제 수행(연구개발비),S1 인공지능(AI)·데이터,S1;S3,2,핵심
8729,2026,과학기술정보통신부,융합서비스글로벌시장진출지원,AI·디지털전환혁신기업해외실증지원,4000.0,C. 수출·해외진출 촉진,"T2 중소·벤처기업(특정 요건·단계: 글로벌 진출 희망, 인증, 재직자 등)",I2 출연(기관 운영·인프라·위탁 서비스),K7 사업비용 보조(전시·인증·컨설팅·기술도입 비용),S1 인공지능(AI)·데이터,S1,1,핵심
8351,2026,중소벤처기업부,창업성공패키지,스타트업AI기술인력양성,3900.0,F. 전문인력 양성·채용 지원,T1 중소·중견기업(일반·업종·지역 특정),I10 직접 수행(직접사업),K9 교육·훈련 과정 운영,S1 인공지능(AI)·데이터,S1,1,핵심
8716,2026,과학기술정보통신부,정보통신기반보호강화(정보화),AI기반보안기술보유유망기업집중육성,3811.0,D. 자금조달·경영안정 지원(융자·보증·비용보전),"T2 중소·벤처기업(특정 요건·단계: 글로벌 진출 희망, 인증, 재직자 등)",I4 융자(정책자금 대출),K1 기술개발 과제 수행(연구개발비),S1 인공지능(AI)·데이터,S1;S2,2,핵심
8373,2026,중소벤처기업부,중소제조특화MultiAIAgent개발(R&D),PoC시범연구,3600.0,A. 기술혁신 촉진(개발·실증·사업화),T1 중소·중견기업(일반·업종·지역 특정),I1 R&D 과제 출연(연구개발비),K1 기술개발 과제 수행(연구개발비),S0 업종 공통(산업 무관),S1,1,활용
8756,2026,과학기술정보통신부,지속가능한데이터센터산업발전지원,지속가능한데이터센터산업발전지원,3450.0,A. 기술혁신 촉진(개발·실증·사업화),"T8 수요·제도 연계 사업체 및 공공기관(수요기업, 설비 설치자, 지자체 등)",I2 출연(기관 운영·인프라·위탁 서비스),K1 기술개발 과제 수행(연구개발비),S1 인공지능(AI)·데이터,S1;S2,2,활용
8795,2026,산업통상부,자동차산업기술개발(R&D),SBOM 등 글로벌규제 대응을 위한 AI 기반 자동차 원격 업데이트(OTA) 보안성 검증 시스템 개발 사업,3200.0,A. 기술혁신 촉진(개발·실증·사업화),T5 산학연 연구수행기관(기업·대학·연구소 컨소시엄),I1 R&D 과제 출연(연구개발비),K1 기술개발 과제 수행(연구개발비),S1 인공지능(AI)·데이터,S1;S2;S5;S6;S7,5,핵심
8283,2026,중소벤처기업부,장애인기업육성,장애인창업육성,3019.0,B. 창업·벤처 육성,T3 예비창업자·창업기업,I3 보조금(사업비 보조·매칭),K5 창업 사업화자금·투자연계·보육,S0 업종 공통(산업 무관),S1,1,활용
8730,2026,과학기술정보통신부,융합서비스글로벌시장진출지원,AI·디지털비즈니스파트너십구축,3000.0,C. 수출·해외진출 촉진,"T2 중소·벤처기업(특정 요건·단계: 글로벌 진출 희망, 인증, 재직자 등)",I2 출연(기관 운영·인프라·위탁 서비스),K7 사업비용 보조(전시·인증·컨설팅·기술도입 비용),S1 인공지능(AI)·데이터,S1,1,핵심
8807,2026,산업통상부,뿌리산업경쟁력강화지원,AI공정시스템구축,3000.0,A. 기술혁신 촉진(개발·실증·사업화),T1 중소·중견기업(일반·업종·지역 특정),I2 출연(기관 운영·인프라·위탁 서비스),K1 기술개발 과제 수행(연구개발비),S1 인공지능(AI)·데이터,S1;S5;S7,3,핵심
8759,2026,과학기술정보통신부,AI반도체지원플랫폼,AI반도체기술인재공급플랫폼,2250.0,F. 전문인력 양성·채용 지원,"T8 수요·제도 연계 사업체 및 공공기관(수요기업, 설비 설치자, 지자체 등)",I2 출연(기관 운영·인프라·위탁 서비스),K1 기술개발 과제 수행(연구개발비),S1 인공지능(AI)·데이터,S1;S3,2,핵심
8391,2026,고용노동부,기능인력양성및장비확충(폴리텍),AX과정,1500.0,G. 고용 창출·유지 및 노동환경 개선,"T2 중소·벤처기업(특정 요건·단계: 글로벌 진출 희망, 인증, 재직자 등)",I2 출연(기관 운영·인프라·위탁 서비스),K7 사업비용 보조(전시·인증·컨설팅·기술도입 비용),S1 인공지능(AI)·데이터,S1;S7,2,핵심
8746,2026,과학기술정보통신부,데이터활용의료·건강생태계조성,인공지능기반의료기기사업화,1500.0,A. 기술혁신 촉진(개발·실증·사업화),"T8 수요·제도 연계 사업체 및 공공기관(수요기업, 설비 설치자, 지자체 등)",I1 R&D 과제 출연(연구개발비),K1 기술개발 과제 수행(연구개발비),S1 인공지능(AI)·데이터,S1;S4,2,핵심
8625,2026,우주항공청,AI기반위성정보활용서비스확산,AI기반위성정보활용서비스확산,1000.0,A. 기술혁신 촉진(개발·실증·사업화),"T2 중소·벤처기업(특정 요건·단계: 글로벌 진출 희망, 인증, 재직자 등)",I2 출연(기관 운영·인프라·위탁 서비스),K1 기술개발 과제 수행(연구개발비),S1 인공지능(AI)·데이터,S1,1,핵심
8745,2026,과학기술정보통신부,데이터활용의료·건강생태계조성,인공지능기반의료솔루션사업화,1000.0,A. 기술혁신 촉진(개발·실증·사업화),"T8 수요·제도 연계 사업체 및 공공기관(수요기업, 설비 설치자, 지자체 등)",I2 출연(기관 운영·인프라·위탁 서비스),K1 기술개발 과제 수행(연구개발비),S1 인공지능(AI)·데이터,S1;S4,2,핵심
8732,2026,과학기술정보통신부,스마트엣지디바이스기술개발(R&D),SW플랫폼,760.0,A. 기술혁신 촉진(개발·실증·사업화),T5 산학연 연구수행기관(기업·대학·연구소 컨소시엄),I1 R&D 과제 출연(연구개발비),K1 기술개발 과제 수행(연구개발비),S2 디지털·SW·정보통신,S1;S2,2,활용
8431,2026,국토교통부,스마트물류센터 조성지원,물류AI기술 도입지원,700.0,A. 기술혁신 촉진(개발·실증·사업화),"T8 수요·제도 연계 사업체 및 공공기관(수요기업, 설비 설치자, 지자체 등)",I3 보조금(사업비 보조·매칭),K1 기술개발 과제 수행(연구개발비),S1 인공지능(AI)·데이터,S1;S10,2,핵심
8713,2026,과학기술정보통신부,국제IT협력프로젝트운영,국제IT협력프로젝트운영,607.0,A. 기술혁신 촉진(개발·실증·사업화),"T8 수요·제도 연계 사업체 및 공공기관(수요기업, 설비 설치자, 지자체 등)",I1 R&D 과제 출연(연구개발비),K1 기술개발 과제 수행(연구개발비),S2 디지털·SW·정보통신,S1;S2,2,활용
8851,2026,산업통상부,해외진출기반구축,해외진출기업지원,540.0,C. 수출·해외진출 촉진,"T8 수요·제도 연계 사업체 및 공공기관(수요기업, 설비 설치자, 지자체 등)",I3 보조금(사업비 보조·매칭),K8 컨설팅·인증·시험·홍보 서비스 제공,S0 업종 공통(산업 무관),S1,1,활용
5574,2025,중소벤처기업부,ICT융합스마트공장보급·확산,제조혁신구축지원,221166.0,D. 자금조달·경영안정 지원(융자·보증·비용보전),T1 중소·중견기업(일반·업종·지역 특정),I4 융자(정책자금 대출),K8 컨설팅·인증·시험·홍보 서비스 제공,S7 소재·부품·장비·제조혁신,S1;S2;S7,3,활용
5609,2025,중소벤처기업부,창업사업화지원,초격차스타트업1000+프로젝트,130996.0,B. 창업·벤처 육성,T3 예비창업자·창업기업,I6 혼합(출연+보조+직접 등 복수 형태),K5 창업 사업화자금·투자연계·보육,S0 업종 공통(산업 무관),S1,1,활용
5629,2025,중소벤처기업부,창업성공패키지,창업성공패키지,96131.0,B. 창업·벤처 육성,T1 중소·중견기업(일반·업종·지역 특정),I10 직접 수행(직접사업),K5 창업 사업화자금·투자연계·보육,S0 업종 공통(산업 무관),S1,1,활용
5806,2025,과학기술정보통신부,차세대네트워크(6G)산업기술개발(R&D),차세대네트워크(6G)산업기술개발,84860.0,A. 기술혁신 촉진(개발·실증·사업화),T5 산학연 연구수행기관(기업·대학·연구소 컨소시엄),I1 R&D 과제 출연(연구개발비),K1 기술개발 과제 수행(연구개발비),S2 디지털·SW·정보통신,S1;S2,2,활용
5663,2025,고용노동부,국가인적자원개발컨소시엄지원,산업맞춤형,71225.0,G. 고용 창출·유지 및 노동환경 개선,T6 사업주·근로자(고용·산재보험 가입),I3 보조금(사업비 보조·매칭),K9 교육·훈련 과정 운영,S0 업종 공통(산업 무관),S1,1,활용
5589,2025,중소벤처기업부,중소기업혁신바우처지원사업,중소기업혁신바우처지원사업,61386.0,H. 경영역량 강화·사업화 지원(컨설팅·마케팅·디자인),T1 중소·중견기업(일반·업종·지역 특정),I9 바우처,K7 사업비용 보조(전시·인증·컨설팅·기술도입 비용),S7 소재·부품·장비·제조혁신,S1;S7,2,활용
5565,2025,중소벤처기업부,스마트제조혁신기술개발사업(R&D),스마트제조혁신기술개발사업,51690.0,A. 기술혁신 촉진(개발·실증·사업화),T1 중소·중견기업(일반·업종·지역 특정),I1 R&D 과제 출연(연구개발비),K1 기술개발 과제 수행(연구개발비),S7 소재·부품·장비·제조혁신,S1;S7,2,활용
5714,2025,과학기술정보통신부,데이터기반산업경쟁력강화,데이터유통·활용생태계조성,38467.0,A. 기술혁신 촉진(개발·실증·사업화),"T2 중소·벤처기업(특정 요건·단계: 글로벌 진출 희망, 인증, 재직자 등)",I9 바우처,K7 사업비용 보조(전시·인증·컨설팅·기술도입 비용),S1 인공지능(AI)·데이터,S1,1,활용
5967,2025,산업통상부,전자부품산업기술개발(R&D),주력산업IT융합,37365.0,A. 기술혁신 촉진(개발·실증·사업화),T5 산학연 연구수행기관(기업·대학·연구소 컨소시엄),I1 R&D 과제 출연(연구개발비),K1 기술개발 과제 수행(연구개발비),S7 소재·부품·장비·제조혁신,S1;S7,2,활용
5661,2025,고용노동부,사업주직업훈련지원금,현장맞춤형체계적훈련,32706.0,G. 고용 창출·유지 및 노동환경 개선,T6 사업주·근로자(고용·산재보험 가입),I6 혼합(출연+보조+직접 등 복수 형태),K9 교육·훈련 과정 운영,S0 업종 공통(산업 무관),S1,1,활용
5718,2025,과학기술정보통신부,방송통신산업기술개발(R&D),차세대무선통신,29812.0,A. 기술혁신 촉진(개발·실증·사업화),T5 산학연 연구수행기관(기업·대학·연구소 컨소시엄),I1 R&D 과제 출연(연구개발비),K1 기술개발 과제 수행(연구개발비),S2 디지털·SW·정보통신,S1;S2;S8,3,활용
5698,2025,과학기술정보통신부,지역디지털인재양성,ICT이노베이션스퀘어조성,28002.0,F. 전문인력 양성·채용 지원,"T2 중소·벤처기업(특정 요건·단계: 글로벌 진출 희망, 인증, 재직자 등)",I2 출연(기관 운영·인프라·위탁 서비스),K8 컨설팅·인증·시험·홍보 서비스 제공,S2 디지털·SW·정보통신,S1;S2,2,활용
5713,2025,과학기술정보통신부,클라우드컴퓨팅산업육성(정보화),클라우드서비스활성화및기업경쟁력강화,27026.0,A. 기술혁신 촉진(개발·실증·사업화),"T8 수요·제도 연계 사업체 및 공공기관(수요기업, 설비 설치자, 지자체 등)",I9 바우처,K7 사업비용 보조(전시·인증·컨설팅·기술도입 비용),S2 디지털·SW·정보통신,S1;S2,2,활용
5624,2025,중소벤처기업부,연수사업,연수사업,23785.0,F. 전문인력 양성·채용 지원,T4 소상공인·소공인,I10 직접 수행(직접사업),K9 교육·훈련 과정 운영,S0 업종 공통(산업 무관),S1,1,활용
5535,2025,중소벤처기업부,기업가형소상공인육성,혁신소상공인창업지원,19288.0,B. 창업·벤처 육성,T3 예비창업자·창업기업,I3 보조금(사업비 보조·매칭),K5 창업 사업화자금·투자연계·보육,S0 업종 공통(산업 무관),S1,1,활용
5978,2025,산업통상부,PIM인공지능반도체핵심기술개발(R&D),PIM인공지능반도체핵심기술개발(R&D),17900.0,A. 기술혁신 촉진(개발·실증·사업화),T5 산학연 연구수행기관(기업·대학·연구소 컨소시엄),I1 R&D 과제 출연(연구개발비),K1 기술개발 과제 수행(연구개발비),S1 인공지능(AI)·데이터,S1;S3;S7,3,핵심
5643,2025,중소벤처기업부,지역혁신선도기업육성(R&D),주력산업생태계구축,13720.0,H. 경영역량 강화·사업화 지원(컨설팅·마케팅·디자인),T5 산학연 연구수행기관(기업·대학·연구소 컨소시엄),I2 출연(기관 운영·인프라·위탁 서비스),K5 창업 사업화자금·투자연계·보육,S0 업종 공통(산업 무관),S1,1,활용
5575,2025,중소벤처기업부,ICT융합스마트공장보급·확산,제조혁신인프라조성,11910.0,D. 자금조달·경영안정 지원(융자·보증·비용보전),T1 중소·중견기업(일반·업종·지역 특정),I6 혼합(출연+보조+직접 등 복수 형태),K8 컨설팅·인증·시험·홍보 서비스 제공,S7 소재·부품·장비·제조혁신,S1;S2;S7,3,활용
5814,2025,과학기술정보통신부,지속가능한데이터센터산업발전지원,지속가능한데이터센터산업발전지원,9500.0,A. 기술혁신 촉진(개발·실증·사업화),"T8 수요·제도 연계 사업체 및 공공기관(수요기업, 설비 설치자, 지자체 등)",I2 출연(기관 운영·인프라·위탁 서비스),K1 기술개발 과제 수행(연구개발비),S1 인공지능(AI)·데이터,S1;S2,2,활용
5744,2025,과학기술정보통신부,AI반도체실증지원,AI반도체응용실증지원,9370.0,A. 기술혁신 촉진(개발·실증·사업화),T5 산학연 연구수행기관(기업·대학·연구소 컨소시엄),I2 출연(기관 운영·인프라·위탁 서비스),K1 기술개발 과제 수행(연구개발비),S1 인공지능(AI)·데이터,S1;S3,2,핵심
5745,2025,과학기술정보통신부,AI반도체실증지원,온디바이스AI서비스실증.확산,9000.0,A. 기술혁신 촉진(개발·실증·사업화),T5 산학연 연구수행기관(기업·대학·연구소 컨소시엄),I2 출연(기관 운영·인프라·위탁 서비스),K1 기술개발 과제 수행(연구개발비),S1 인공지능(AI)·데이터,S1;S3,2,핵심
5812,2025,과학기술정보통신부,AI반도체첨단이종집적기술개발(R&D),AI반도체첨단이종집적기술개발,8250.0,A. 기술혁신 촉진(개발·실증·사업화),T5 산학연 연구수행기관(기업·대학·연구소 컨소시엄),I1 R&D 과제 출연(연구개발비),K1 기술개발 과제 수행(연구개발비),S1 인공지능(AI)·데이터,S1;S3,2,핵심
5802,2025,과학기술정보통신부,AI일상화확산,AI미디어·문화향유확산,8100.0,A. 기술혁신 촉진(개발·실증·사업화),"T8 수요·제도 연계 사업체 및 공공기관(수요기업, 설비 설치자, 지자체 등)",I2 출연(기관 운영·인프라·위탁 서비스),K1 기술개발 과제 수행(연구개발비),S1 인공지능(AI)·데이터,S1;S8,2,핵심
5792,2025,과학기술정보통신부,인공지능반도체SW통합플랫폼기술개발(R&D),인공지능반도체SW통합플랫폼기술개발,7733.0,A. 기술혁신 촉진(개발·실증·사업화),T5 산학연 연구수행기관(기업·대학·연구소 컨소시엄),I1 R&D 과제 출연(연구개발비),K1 기술개발 과제 수행(연구개발비),S1 인공지능(AI)·데이터,S1;S2;S3,3,핵심
5524,2025,중소벤처기업부,소공인특화지원,판로개척지원,7650.0,H. 경영역량 강화·사업화 지원(컨설팅·마케팅·디자인),T4 소상공인·소공인,I9 바우처,K8 컨설팅·인증·시험·홍보 서비스 제공,S0 업종 공통(산업 무관),S1,1,활용
5746,2025,과학기술정보통신부,자율주행용인공지능반도체핵심기술개발(R&D),자율주행용인공지능반도체핵심기술개발,7500.0,A. 기술혁신 촉진(개발·실증·사업화),T5 산학연 연구수행기관(기업·대학·연구소 컨소시엄),I1 R&D 과제 출연(연구개발비),K1 기술개발 과제 수행(연구개발비),S1 인공지능(AI)·데이터,S1;S3;S6,3,핵심
5804,2025,과학기술정보통신부,AI일상화확산,AI학술및개발역량강화지원,7020.0,A. 기술혁신 촉진(개발·실증·사업화),"T8 수요·제도 연계 사업체 및 공공기관(수요기업, 설비 설치자, 지자체 등)",I2 출연(기관 운영·인프라·위탁 서비스),K1 기술개발 과제 수행(연구개발비),S1 인공지능(AI)·데이터,S1,1,핵심
5742,2025,과학기술정보통신부,디지털전문·융합인재양성,산업재직자AI역량강화,6780.0,F. 전문인력 양성·채용 지원,"T2 중소·벤처기업(특정 요건·단계: 글로벌 진출 희망, 인증, 재직자 등)",I2 출연(기관 운영·인프라·위탁 서비스),K1 기술개발 과제 수행(연구개발비),S1 인공지능(AI)·데이터,S1;S2,2,핵심
5803,2025,과학기술정보통신부,AI일상화확산,AI법률보조서비스확산,6750.0,A. 기술혁신 촉진(개발·실증·사업화),"T8 수요·제도 연계 사업체 및 공공기관(수요기업, 설비 설치자, 지자체 등)",I2 출연(기관 운영·인프라·위탁 서비스),K1 기술개발 과제 수행(연구개발비),S1 인공지능(AI)·데이터,S1,1,핵심
5580,2025,중소벤처기업부,지역특화제조데이터활성화,지역특화제조데이터활성화,6000.0,A. 기술혁신 촉진(개발·실증·사업화),T1 중소·중견기업(일반·업종·지역 특정),I2 출연(기관 운영·인프라·위탁 서비스),K1 기술개발 과제 수행(연구개발비),S7 소재·부품·장비·제조혁신,S1;S7,2,활용
5738,2025,과학기술정보통신부,정보통신기반보호강화(정보화),ICT중소기업정보보호안전망확충,5716.0,D. 자금조달·경영안정 지원(융자·보증·비용보전),"T2 중소·벤처기업(특정 요건·단계: 글로벌 진출 희망, 인증, 재직자 등)",I8 보증·보험(신용보강),K8 컨설팅·인증·시험·홍보 서비스 제공,S2 디지털·SW·정보통신,S1;S2,2,활용
5755,2025,과학기술정보통신부,융합서비스글로벌시장진출지원,AI-반도체해외실증지원(신규),5400.0,C. 수출·해외진출 촉진,"T2 중소·벤처기업(특정 요건·단계: 글로벌 진출 희망, 인증, 재직자 등)",I2 출연(기관 운영·인프라·위탁 서비스),K6 해외진출·수출 지원(전시·상담·현지화),S1 인공지능(AI)·데이터,S1;S3,2,핵심
5800,2025,과학기술정보통신부,생성AI선도인재양성,생성AI핵심고급인재,5200.0,A. 기술혁신 촉진(개발·실증·사업화),T5 산학연 연구수행기관(기업·대학·연구소 컨소시엄),I2 출연(기관 운영·인프라·위탁 서비스),K1 기술개발 과제 수행(연구개발비),S1 인공지능(AI)·데이터,S1,1,핵심
5739,2025,과학기술정보통신부,정보통신기반보호강화(정보화),AI기반보안기술보유유망기업집중육성,4311.0,A. 기술혁신 촉진(개발·실증·사업화),"T2 중소·벤처기업(특정 요건·단계: 글로벌 진출 희망, 인증, 재직자 등)",I4 융자(정책자금 대출),K1 기술개발 과제 수행(연구개발비),S1 인공지능(AI)·데이터,S1;S2,2,핵심
5801,2025,과학기술정보통신부,차세대생성AI기술개발,차세대생성AI기술개발(R&D),4000.0,A. 기술혁신 촉진(개발·실증·사업화),T5 산학연 연구수행기관(기업·대학·연구소 컨소시엄),I1 R&D 과제 출연(연구개발비),K1 기술개발 과제 수행(연구개발비),S1 인공지능(AI)·데이터,S1,1,핵심
5630,2025,중소벤처기업부,창업성공패키지,스타트업AI기술인력양성,3900.0,F. 전문인력 양성·채용 지원,T1 중소·중견기업(일반·업종·지역 특정),I10 직접 수행(직접사업),K9 교육·훈련 과정 운영,S1 인공지능(AI)·데이터,S1,1,핵심
5819,2025,과학기술정보통신부,AI반도체지원플랫폼,AI반도체기술인재공급플랫폼,3500.0,F. 전문인력 양성·채용 지원,"T8 수요·제도 연계 사업체 및 공공기관(수요기업, 설비 설치자, 지자체 등)",I2 출연(기관 운영·인프라·위탁 서비스),K1 기술개발 과제 수행(연구개발비),S1 인공지능(AI)·데이터,S1;S3,2,핵심
5765,2025,과학기술정보통신부,6G핵심기술개발(R&D),지능형6G모바일코어네트워크기술,3349.0,A. 기술혁신 촉진(개발·실증·사업화),T5 산학연 연구수행기관(기업·대학·연구소 컨소시엄),I2 출연(기관 운영·인프라·위탁 서비스),K1 기술개발 과제 수행(연구개발비),S2 디지털·SW·정보통신,S1;S2,2,활용
6116,2025,산업통상부,산업AI용데이터전처리자동화기술개발(R&D),산업AI용데이터전처리자동화기술개발,3200.0,A. 기술혁신 촉진(개발·실증·사업화),T5 산학연 연구수행기관(기업·대학·연구소 컨소시엄),I1 R&D 과제 출연(연구개발비),K1 기술개발 과제 수행(연구개발비),S1 인공지능(AI)·데이터,S1,1,핵심
5752,2025,과학기술정보통신부,융합서비스글로벌시장진출지원,DNA대·중소파트너십동반친출,3178.0,C. 수출·해외진출 촉진,"T2 중소·벤처기업(특정 요건·단계: 글로벌 진출 희망, 인증, 재직자 등)",I2 출연(기관 운영·인프라·위탁 서비스),K6 해외진출·수출 지원(전시·상담·현지화),S2 디지털·SW·정보통신,S1;S2,2,활용
5558,2025,중소벤처기업부,장애인기업육성,장애인창업육성,3169.0,B. 창업·벤처 육성,T3 예비창업자·창업기업,I3 보조금(사업비 보조·매칭),K5 창업 사업화자금·투자연계·보육,S0 업종 공통(산업 무관),S1,1,활용
5757,2025,과학기술정보통신부,융합서비스글로벌시장진출지원,AI·디지털비즈니스파트너십구축(신규),3000.0,B. 창업·벤처 육성,"T2 중소·벤처기업(특정 요건·단계: 글로벌 진출 희망, 인증, 재직자 등)",I2 출연(기관 운영·인프라·위탁 서비스),K8 컨설팅·인증·시험·홍보 서비스 제공,S1 인공지능(AI)·데이터,S1,1,핵심
5796,2025,과학기술정보통신부,데이터활용의료·건강생태계조성,인공지능기반의료기기사업화,2300.0,A. 기술혁신 촉진(개발·실증·사업화),"T8 수요·제도 연계 사업체 및 공공기관(수요기업, 설비 설치자, 지자체 등)",I1 R&D 과제 출연(연구개발비),K1 기술개발 과제 수행(연구개발비),S1 인공지능(AI)·데이터,S1;S4,2,핵심
5795,2025,과학기술정보통신부,데이터활용의료·건강생태계조성,인공지능기반의료솔루션사업화,2200.0,A. 기술혁신 촉진(개발·실증·사업화),"T8 수요·제도 연계 사업체 및 공공기관(수요기업, 설비 설치자, 지자체 등)",I2 출연(기관 운영·인프라·위탁 서비스),K1 기술개발 과제 수행(연구개발비),S1 인공지능(AI)·데이터,S1;S4,2,핵심
5756,2025,과학기술정보통신부,융합서비스글로벌시장진출지원,AI·디지털전환혁신기업해외실증지원(신규),1600.0,C. 수출·해외진출 촉진,"T2 중소·벤처기업(특정 요건·단계: 글로벌 진출 희망, 인증, 재직자 등)",I2 출연(기관 운영·인프라·위탁 서비스),K7 사업비용 보조(전시·인증·컨설팅·기술도입 비용),S1 인공지능(AI)·데이터,S1,1,핵심
5785,2025,과학기술정보통신부,글로벌ICT혁신클러스터조성,AI반도체클러스터,1099.0,A. 기술혁신 촉진(개발·실증·사업화),T1 중소·중견기업(일반·업종·지역 특정),I2 출연(기관 운영·인프라·위탁 서비스),K1 기술개발 과제 수행(연구개발비),S1 인공지능(AI)·데이터,S1;S2;S3,3,핵심
6194,2025,행정안전부,AI기반안전신고정보의과학적분석서비스기술개발(R&D),AI기반차세대안전신고및위험징후분석서비스기술개발,1080.0,A. 기술혁신 촉진(개발·실증·사업화),T7 일반 국민·산업 종사자·창작자,I1 R&D 과제 출연(연구개발비),K1 기술개발 과제 수행(연구개발비),S1 인공지능(AI)·데이터,S1,1,핵심
5736,2025,과학기술정보통신부,국제IT협력프로젝트운영,국제IT협력프로젝트운영,911.0,A. 기술혁신 촉진(개발·실증·사업화),"T8 수요·제도 연계 사업체 및 공공기관(수요기업, 설비 설치자, 지자체 등)",I1 R&D 과제 출연(연구개발비),K1 기술개발 과제 수행(연구개발비),S2 디지털·SW·정보통신,S1;S2,2,활용
6058,2025,산업통상부,해외진출기반구축,해외진출기업지원,600.0,C. 수출·해외진출 촉진,"T8 수요·제도 연계 사업체 및 공공기관(수요기업, 설비 설치자, 지자체 등)",I3 보조금(사업비 보조·매칭),K8 컨설팅·인증·시험·홍보 서비스 제공,S0 업종 공통(산업 무관),S1,1,활용
6142,2025,식품의약품안전처,신기술적용식품(푸드테크)안전기술지원(R&D),빅데이터·AI기반푸드테크유통소비안전기술개발,533.0,A. 기술혁신 촉진(개발·실증·사업화),T7 일반 국민·산업 종사자·창작자,I1 R&D 과제 출연(연구개발비),K1 기술개발 과제 수행(연구개발비),S1 인공지능(AI)·데이터,S1;S9;S10,3,핵심
5767,2025,과학기술정보통신부,스마트엣지디바이스기술개발(R&D),SW플랫폼,380.0,A. 기술혁신 촉진(개발·실증·사업화),T5 산학연 연구수행기관(기업·대학·연구소 컨소시엄),I1 R&D 과제 출연(연구개발비),K1 기술개발 과제 수행(연구개발비),S2 디지털·SW·정보통신,S1;S2,2,활용
3482,2024,중소벤처기업부,창업성공패키지,창업성공패키지,93181.0,B. 창업·벤처 육성,T1 중소·중견기업(일반·업종·지역 특정),I10 직접 수행(직접사업),K5 창업 사업화자금·투자연계·보육,S0 업종 공통(산업 무관),S1,1,활용
2717,2024,고용노동부,국가인적자원개발컨소시엄지원,산업맞춤형,71000.0,G. 고용 창출·유지 및 노동환경 개선,T6 사업주·근로자(고용·산재보험 가입),I3 보조금(사업비 보조·매칭),K9 교육·훈련 과정 운영,S0 업종 공통(산업 무관),S1,1,활용
3442,2024,중소벤처기업부,중소기업혁신바우처지원사업,중소기업혁신바우처지원사업,55805.0,H. 경영역량 강화·사업화 지원(컨설팅·마케팅·디자인),T1 중소·중견기업(일반·업종·지역 특정),I9 바우처,K7 사업비용 보조(전시·인증·컨설팅·기술도입 비용),S7 소재·부품·장비·제조혁신,S1;S7,2,활용
2775,2024,과학기술정보통신부,클라우드컴퓨팅산업육성(정보화),클라우드서비스활성화및기업경쟁력강화,51853.0,A. 기술혁신 촉진(개발·실증·사업화),"T8 수요·제도 연계 사업체 및 공공기관(수요기업, 설비 설치자, 지자체 등)",I9 바우처,K7 사업비용 보조(전시·인증·컨설팅·기술도입 비용),S2 디지털·SW·정보통신,S1;S2,2,활용
3417,2024,중소벤처기업부,스마트제조혁신기술개발사업(R&D),스마트제조혁신기술개발사업,43665.0,A. 기술혁신 촉진(개발·실증·사업화),T1 중소·중견기업(일반·업종·지역 특정),I1 R&D 과제 출연(연구개발비),K1 기술개발 과제 수행(연구개발비),S7 소재·부품·장비·제조혁신,S1;S7,2,활용
2864,2024,과학기술정보통신부,지능정보산업인프라조성,AI바우처지원,42500.0,A. 기술혁신 촉진(개발·실증·사업화),T5 산학연 연구수행기관(기업·대학·연구소 컨소시엄),I9 바우처,K1 기술개발 과제 수행(연구개발비),S1 인공지능(AI)·데이터,S1,1,핵심
2781,2024,과학기술정보통신부,방송통신산업기술개발(R&D),차세대무선통신,38920.0,A. 기술혁신 촉진(개발·실증·사업화),T5 산학연 연구수행기관(기업·대학·연구소 컨소시엄),I1 R&D 과제 출연(연구개발비),K1 기술개발 과제 수행(연구개발비),S2 디지털·SW·정보통신,S1;S2;S8,3,활용
2759,2024,과학기술정보통신부,지역디지털인재양성,ICT이노베이션스퀘어조성,33816.0,F. 전문인력 양성·채용 지원,"T2 중소·벤처기업(특정 요건·단계: 글로벌 진출 희망, 인증, 재직자 등)",I2 출연(기관 운영·인프라·위탁 서비스),K8 컨설팅·인증·시험·홍보 서비스 제공,S2 디지털·SW·정보통신,S1;S2,2,활용
2716,2024,고용노동부,사업주직업훈련지원금,현장맞춤형체계적훈련,32271.0,G. 고용 창출·유지 및 노동환경 개선,T6 사업주·근로자(고용·산재보험 가입),I6 혼합(출연+보조+직접 등 복수 형태),K9 교육·훈련 과정 운영,S0 업종 공통(산업 무관),S1,1,활용
3477,2024,중소벤처기업부,연수사업,연수사업,23910.0,F. 전문인력 양성·채용 지원,T4 소상공인·소공인,I10 직접 수행(직접사업),K9 교육·훈련 과정 운영,S0 업종 공통(산업 무관),S1,1,활용
3077,2024,산업통상부,전자부품산업기술개발(R&D),주력산업IT융합,22019.0,A. 기술혁신 촉진(개발·실증·사업화),T5 산학연 연구수행기관(기업·대학·연구소 컨소시엄),I1 R&D 과제 출연(연구개발비),K1 기술개발 과제 수행(연구개발비),S7 소재·부품·장비·제조혁신,S1;S7,2,활용
2896,2024,과학기술정보통신부,차세대네트워크(6G)산업기술개발(R&D),차세대네트워크(6G)산업기술개발,20600.0,A. 기술혁신 촉진(개발·실증·사업화),T5 산학연 연구수행기관(기업·대학·연구소 컨소시엄),I1 R&D 과제 출연(연구개발비),K1 기술개발 과제 수행(연구개발비),S2 디지털·SW·정보통신,S1;S2,2,활용
3086,2024,산업통상부,PIM인공지능반도체핵심기술개발(R&D),PIM인공지능반도체핵심기술개발(R&D),18360.0,A. 기술혁신 촉진(개발·실증·사업화),T5 산학연 연구수행기관(기업·대학·연구소 컨소시엄),I1 R&D 과제 출연(연구개발비),K1 기술개발 과제 수행(연구개발비),S1 인공지능(AI)·데이터,S1;S3;S7,3,핵심
3429,2024,중소벤처기업부,ICT융합스마트공장보급·확산,제조혁신인프라조성,11910.0,A. 기술혁신 촉진(개발·실증·사업화),T1 중소·중견기업(일반·업종·지역 특정),I6 혼합(출연+보조+직접 등 복수 형태),K8 컨설팅·인증·시험·홍보 서비스 제공,S7 소재·부품·장비·제조혁신,S1;S2;S7,3,활용
2813,2024,과학기술정보통신부,디지털전문·융합인재양성,산업재직자AI역량강화(舊산업전문인력AI역량강화),10200.0,F. 전문인력 양성·채용 지원,"T2 중소·벤처기업(특정 요건·단계: 글로벌 진출 희망, 인증, 재직자 등)",I2 출연(기관 운영·인프라·위탁 서비스),K1 기술개발 과제 수행(연구개발비),S1 인공지능(AI)·데이터,S1;S2,2,핵심
2818,2024,과학기술정보통신부,자율주행용인공지능반도체핵심기술개발(R&D),자율주행용인공지능반도체핵심기술개발,9360.0,A. 기술혁신 촉진(개발·실증·사업화),T5 산학연 연구수행기관(기업·대학·연구소 컨소시엄),I1 R&D 과제 출연(연구개발비),K1 기술개발 과제 수행(연구개발비),S1 인공지능(AI)·데이터,S1;S3;S6,3,핵심
2889,2024,과학기술정보통신부,AI미디어·문화향유확산,AI미디어·문화향유확산,9000.0,A. 기술혁신 촉진(개발·실증·사업화),"T8 수요·제도 연계 사업체 및 공공기관(수요기업, 설비 설치자, 지자체 등)",I2 출연(기관 운영·인프라·위탁 서비스),K1 기술개발 과제 수행(연구개발비),S1 인공지능(AI)·데이터,S1;S8,2,핵심
2808,2024,과학기술정보통신부,정보통신기반보호강화(정보화),ICT중소기업정보보호안전망확충,8880.0,D. 자금조달·경영안정 지원(융자·보증·비용보전),"T2 중소·벤처기업(특정 요건·단계: 글로벌 진출 희망, 인증, 재직자 등)",I8 보증·보험(신용보강),K8 컨설팅·인증·시험·홍보 서비스 제공,S2 디지털·SW·정보통신,S1;S2,2,활용
2815,2024,과학기술정보통신부,AI반도체실증지원,AI반도체응용실증지원,8813.0,A. 기술혁신 촉진(개발·실증·사업화),T5 산학연 연구수행기관(기업·대학·연구소 컨소시엄),I2 출연(기관 운영·인프라·위탁 서비스),K1 기술개발 과제 수행(연구개발비),S1 인공지능(AI)·데이터,S1;S3,2,핵심
2904,2024,과학기술정보통신부,AI반도체첨단이종집적기술개발(R&D),AI반도체첨단이종집적기술개발,8250.0,A. 기술혁신 촉진(개발·실증·사업화),T5 산학연 연구수행기관(기업·대학·연구소 컨소시엄),I1 R&D 과제 출연(연구개발비),K1 기술개발 과제 수행(연구개발비),S1 인공지능(AI)·데이터,S1;S3,2,핵심
2893,2024,과학기술정보통신부,AI기반보건의료서비스선도,소아청소년의료지원서비스개발실증,8000.0,A. 기술혁신 촉진(개발·실증·사업화),T7 일반 국민·산업 종사자·창작자,I2 출연(기관 운영·인프라·위탁 서비스),K1 기술개발 과제 수행(연구개발비),S1 인공지능(AI)·데이터,S1;S4,2,핵심
2878,2024,과학기술정보통신부,인공지능반도체SW통합플랫폼기술개발(R&D),인공지능반도체SW통합플랫폼기술개발,7733.0,A. 기술혁신 촉진(개발·실증·사업화),T5 산학연 연구수행기관(기업·대학·연구소 컨소시엄),I1 R&D 과제 출연(연구개발비),K1 기술개발 과제 수행(연구개발비),S1 인공지능(AI)·데이터,S1;S2;S3,3,핵심
3369,2024,중소벤처기업부,소공인특화지원,판로개척지원,7650.0,H. 경영역량 강화·사업화 지원(컨설팅·마케팅·디자인),T4 소상공인·소공인,I9 바우처,K8 컨설팅·인증·시험·홍보 서비스 제공,S0 업종 공통(산업 무관),S1,1,활용
2890,2024,과학기술정보통신부,AI법률보조서비스확산,AI법률보조서비스확산,7500.0,A. 기술혁신 촉진(개발·실증·사업화),"T8 수요·제도 연계 사업체 및 공공기관(수요기업, 설비 설치자, 지자체 등)",I2 출연(기관 운영·인프라·위탁 서비스),K1 기술개발 과제 수행(연구개발비),S1 인공지능(AI)·데이터,S1,1,핵심
2760,2024,과학기술정보통신부,인공지능중심산업융합집적단지조성,일자리중심창업지원,7402.0,B. 창업·벤처 육성,"T2 중소·벤처기업(특정 요건·단계: 글로벌 진출 희망, 인증, 재직자 등)",I2 출연(기관 운영·인프라·위탁 서비스),K8 컨설팅·인증·시험·홍보 서비스 제공,S1 인공지능(AI)·데이터,S1,1,핵심
2809,2024,과학기술정보통신부,정보통신기반보호강화(정보화),AI기반보안기술보유유망기업집중육성,6873.0,D. 자금조달·경영안정 지원(융자·보증·비용보전),"T2 중소·벤처기업(특정 요건·단계: 글로벌 진출 희망, 인증, 재직자 등)",I4 융자(정책자금 대출),K1 기술개발 과제 수행(연구개발비),S1 인공지능(AI)·데이터,S1;S2,2,핵심
2894,2024,과학기술정보통신부,AI심리케어·돌봄지원,초거대AI기반심리케어서비스지원,6000.0,A. 기술혁신 촉진(개발·실증·사업화),"T8 수요·제도 연계 사업체 및 공공기관(수요기업, 설비 설치자, 지자체 등)",I2 출연(기관 운영·인프라·위탁 서비스),K1 기술개발 과제 수행(연구개발비),S1 인공지능(AI)·데이터,S1,1,핵심
2892,2024,과학기술정보통신부,AI학술및개발역량강화지원,초거대AI기반클라우드서비스개발역량지원,4800.0,A. 기술혁신 촉진(개발·실증·사업화),"T2 중소·벤처기업(특정 요건·단계: 글로벌 진출 희망, 인증, 재직자 등)",I2 출연(기관 운영·인프라·위탁 서비스),K1 기술개발 과제 수행(연구개발비),S1 인공지능(AI)·데이터,S1;S2,2,핵심
2888,2024,과학기술정보통신부,차세대생성AI기술개발(R&D),차세대생성AI기술개발(R&D),4000.0,A. 기술혁신 촉진(개발·실증·사업화),T5 산학연 연구수행기관(기업·대학·연구소 컨소시엄),I1 R&D 과제 출연(연구개발비),K1 기술개발 과제 수행(연구개발비),S1 인공지능(AI)·데이터,S1,1,핵심
2886,2024,과학기술정보통신부,생성AI선도인재양성(R&D),생성AI핵심고급인재,3500.0,A. 기술혁신 촉진(개발·실증·사업화),T5 산학연 연구수행기관(기업·대학·연구소 컨소시엄),I2 출연(기관 운영·인프라·위탁 서비스),K1 기술개발 과제 수행(연구개발비),S1 인공지능(AI)·데이터,S1,1,핵심
2837,2024,과학기술정보통신부,6G핵심기술개발(R&D),지능형6G모바일코어네트워크기술,3349.0,A. 기술혁신 촉진(개발·실증·사업화),T5 산학연 연구수행기관(기업·대학·연구소 컨소시엄),I2 출연(기관 운영·인프라·위탁 서비스),K1 기술개발 과제 수행(연구개발비),S2 디지털·SW·정보통신,S1;S2,2,활용
2881,2024,과학기술정보통신부,데이터활용의료･건강생태계조성,인공지능기반의료솔루션사업화,3200.0,A. 기술혁신 촉진(개발·실증·사업화),"T8 수요·제도 연계 사업체 및 공공기관(수요기업, 설비 설치자, 지자체 등)",I2 출연(기관 운영·인프라·위탁 서비스),K1 기술개발 과제 수행(연구개발비),S1 인공지능(AI)·데이터,S1;S4,2,핵심
3406,2024,중소벤처기업부,장애인기업육성,장애인창업육성,3169.0,B. 창업·벤처 육성,T3 예비창업자·창업기업,I3 보조금(사업비 보조·매칭),K5 창업 사업화자금·투자연계·보육,S0 업종 공통(산업 무관),S1,1,활용
2816,2024,과학기술정보통신부,인공지능반도체응용기술개발(R&D),인공지능반도체응용기술개발,3000.0,A. 기술혁신 촉진(개발·실증·사업화),T5 산학연 연구수행기관(기업·대학·연구소 컨소시엄),I1 R&D 과제 출연(연구개발비),K1 기술개발 과제 수행(연구개발비),S1 인공지능(AI)·데이터,S1;S3,2,핵심
2891,2024,과학기술정보통신부,AI학술및개발역량강화지원,초거대AI기반학술활동지원,3000.0,A. 기술혁신 촉진(개발·실증·사업화),"T2 중소·벤처기업(특정 요건·단계: 글로벌 진출 희망, 인증, 재직자 등)",I2 출연(기관 운영·인프라·위탁 서비스),K1 기술개발 과제 수행(연구개발비),S1 인공지능(AI)·데이터,S1,1,핵심
2905,2024,과학기술정보통신부,AIㆍ디지털기반미디어활성화,AIㆍ디지털기반미디어활성화,3000.0,A. 기술혁신 촉진(개발·실증·사업화),"T8 수요·제도 연계 사업체 및 공공기관(수요기업, 설비 설치자, 지자체 등)",I2 출연(기관 운영·인프라·위탁 서비스),K1 기술개발 과제 수행(연구개발비),S1 인공지능(AI)·데이터,S1,1,핵심
2882,2024,과학기술정보통신부,데이터활용의료･건강생태계조성,인공지능기반의료기기사업화,2450.0,A. 기술혁신 촉진(개발·실증·사업화),"T8 수요·제도 연계 사업체 및 공공기관(수요기업, 설비 설치자, 지자체 등)",I1 R&D 과제 출연(연구개발비),K1 기술개발 과제 수행(연구개발비),S1 인공지능(AI)·데이터,S1;S4,2,핵심
2898,2024,과학기술정보통신부,AI기반뇌발달질환디지털의료기기실증지원,디지털치료기기개발지원,2000.0,A. 기술혁신 촉진(개발·실증·사업화),"T8 수요·제도 연계 사업체 및 공공기관(수요기업, 설비 설치자, 지자체 등)",I2 출연(기관 운영·인프라·위탁 서비스),K1 기술개발 과제 수행(연구개발비),S1 인공지능(AI)·데이터,S1;S4,2,핵심
2899,2024,과학기술정보통신부,AI기반뇌발달질환디지털의료기기실증지원,실증지원,2000.0,A. 기술혁신 촉진(개발·실증·사업화),"T8 수요·제도 연계 사업체 및 공공기관(수요기업, 설비 설치자, 지자체 등)",I2 출연(기관 운영·인프라·위탁 서비스),K7 사업비용 보조(전시·인증·컨설팅·기술도입 비용),S1 인공지능(AI)·데이터,S1;S4,2,핵심
3434,2024,중소벤처기업부,지역특화제조데이터활성화,지역특화제조데이터활성화,2000.0,A. 기술혁신 촉진(개발·실증·사업화),T1 중소·중견기업(일반·업종·지역 특정),I2 출연(기관 운영·인프라·위탁 서비스),K1 기술개발 과제 수행(연구개발비),S7 소재·부품·장비·제조혁신,S1;S7,2,활용
2831,2024,과학기술정보통신부,6G핵심기술개발(R&D),THz대역RF핵심기술,1758.0,A. 기술혁신 촉진(개발·실증·사업화),T5 산학연 연구수행기관(기업·대학·연구소 컨소시엄),I2 출연(기관 운영·인프라·위탁 서비스),K1 기술개발 과제 수행(연구개발비),S2 디지털·SW·정보통신,S1;S2,2,활용
2868,2024,과학기술정보통신부,글로벌ICT혁신클러스터조성,AI반도체클러스터,1599.0,A. 기술혁신 촉진(개발·실증·사업화),T1 중소·중견기업(일반·업종·지역 특정),I2 출연(기관 운영·인프라·위탁 서비스),K1 기술개발 과제 수행(연구개발비),S1 인공지능(AI)·데이터,S1;S2;S3,3,핵심
2866,2024,과학기술정보통신부,지능정보산업인프라조성,민간지능정보서비스확산,1500.0,A. 기술혁신 촉진(개발·실증·사업화),T5 산학연 연구수행기관(기업·대학·연구소 컨소시엄),I2 출연(기관 운영·인프라·위탁 서비스),K1 기술개발 과제 수행(연구개발비),S0 업종 공통(산업 무관),S1,1,활용
3304,2024,행정안전부,AI기반차세대안전신고및위험징후분석서비스기술개발(R&D),AI기반차세대안전신고정보및위험징후분석서비스기술개발,1500.0,A. 기술혁신 촉진(개발·실증·사업화),T7 일반 국민·산업 종사자·창작자,I1 R&D 과제 출연(연구개발비),K1 기술개발 과제 수행(연구개발비),S1 인공지능(AI)·데이터,S1,1,핵심
2817,2024,과학기술정보통신부,인공지능반도체혁신기업집중육성(R&D),인공지능반도체혁신기업집중육성,1000.0,A. 기술혁신 촉진(개발·실증·사업화),T5 산학연 연구수행기관(기업·대학·연구소 컨소시엄),I1 R&D 과제 출연(연구개발비),K1 기술개발 과제 수행(연구개발비),S1 인공지능(AI)·데이터,S1;S3,2,핵심
2900,2024,과학기술정보통신부,AI기반뇌발달질환디지털의료기기실증지원,시범서비스지원,1000.0,A. 기술혁신 촉진(개발·실증·사업화),"T8 수요·제도 연계 사업체 및 공공기관(수요기업, 설비 설치자, 지자체 등)",I2 출연(기관 운영·인프라·위탁 서비스),K1 기술개발 과제 수행(연구개발비),S1 인공지능(AI)·데이터,S1;S4,2,핵심
2806,2024,과학기술정보통신부,국제IT협력프로젝트운영,국제IT협력프로젝트운영,911.0,A. 기술혁신 촉진(개발·실증·사업화),"T8 수요·제도 연계 사업체 및 공공기관(수요기업, 설비 설치자, 지자체 등)",I1 R&D 과제 출연(연구개발비),K1 기술개발 과제 수행(연구개발비),S2 디지털·SW·정보통신,S1;S2,2,활용
2877,2024,과학기술정보통신부,인공지능산업융합기술개발(R&D),인공지능산업융합기술개발,700.0,A. 기술혁신 촉진(개발·실증·사업화),T5 산학연 연구수행기관(기업·대학·연구소 컨소시엄),I1 R&D 과제 출연(연구개발비),K2 산업 생태계·협력 기반 조성(플랫폼·네트워크),S1 인공지능(AI)·데이터,S1,1,핵심
3173,2024,산업통상부,해외진출기반구축,해외진출기업지원,700.0,C. 수출·해외진출 촉진,"T8 수요·제도 연계 사업체 및 공공기관(수요기업, 설비 설치자, 지자체 등)",I3 보조금(사업비 보조·매칭),K8 컨설팅·인증·시험·홍보 서비스 제공,S0 업종 공통(산업 무관),S1,1,활용
2814,2024,과학기술정보통신부,한국어대형언어모델기술개발(R&D),한국어대형인공지능언어모델기술개발,480.0,A. 기술혁신 촉진(개발·실증·사업화),T5 산학연 연구수행기관(기업·대학·연구소 컨소시엄),I1 R&D 과제 출연(연구개발비),K1 기술개발 과제 수행(연구개발비),S1 인공지능(AI)·데이터,S1,1,핵심
3066,2024,식품의약품안전처,"신기술적용식품(푸드테크)안전기술지원(R&D,신규)",빅데이터AI기반푸드테크유통소비안전기술개발,400.0,A. 기술혁신 촉진(개발·실증·사업화),T7 일반 국민·산업 종사자·창작자,I1 R&D 과제 출연(연구개발비),K1 기술개발 과제 수행(연구개발비),S1 인공지능(AI)·데이터,S1;S7;S9;S10,4,핵심
2840,2024,과학기술정보통신부,스마트엣지디바이스기술개발(R&D),SW플랫폼,380.0,A. 기술혁신 촉진(개발·실증·사업화),T5 산학연 연구수행기관(기업·대학·연구소 컨소시엄),I1 R&D 과제 출연(연구개발비),K1 기술개발 과제 수행(연구개발비),S2 디지털·SW·정보통신,S1;S2,2,활용
