지원산업(주),소관,내역사업명,내역예산,지원산업(태그),AI관여도
S0 업종 공통(산업 무관),금융위원회,일반보증대위변제,2693940.0,S0,없음
S0 업종 공통(산업 무관),중소벤처기업부,특별경영안정자금,1350000.0,S0,없음
S0 업종 공통(산업 무관),중소벤처기업부,창업기반지원,1305800.0,S0,언급
S0 업종 공통(산업 무관),중소벤처기업부,일반경영안정자금,1220000.0,S0,없음
S7 소재·부품·장비·제조혁신,산업통상부,소재부품패키지형,928210.0,S7,없음
S5 에너지·환경,기후에너지환경부,생산및시설자금,648000.0,S5,없음
S8 콘텐츠·문화·관광·스포츠,문화체육관광부,관광사업체 융자지원,637500.0,S8,없음
S9 농림축산식품·해양수산,농림축산식품부,운영,500000.0,S9,없음
S7 소재·부품·장비·제조혁신,중소벤처기업부,제조현장스마트화,416610.0,S7,언급
S7 소재·부품·장비·제조혁신,산업통상부,소재부품투자연계,344124.0,S7,없음
S7 소재·부품·장비·제조혁신,중소벤처기업부,제조혁신구축지원,317290.0,S1;S2;S7,활용
S5 에너지·환경,기후에너지환경부,미래환경산업육성융자,297170.0,S5,없음
S5 에너지·환경,기후에너지환경부,에너지절약시설설치,271510.0,S5,없음
S8 콘텐츠·문화·관광·스포츠,문화체육관광부,스포츠산업 융자,248057.0,S8,없음
S6 모빌리티·항공우주·조선,산업통상부,그린카,161942.0,S2;S5;S6;S7,언급
S9 농림축산식품·해양수산,해양수산부,우수수산물지원,156393.0,S9,없음
S5 에너지·환경,기후에너지환경부,융자금,149700.0,S5,없음
S4 바이오·헬스,보건복지부,제약산업 경쟁력 강화,119418.0,S4,없음
S2 디지털·SW·정보통신,과학기술정보통신부,차세대네트워크(6G)산업기술개발,104120.0,S1;S2,활용
S9 농림축산식품·해양수산,농림축산식품부,사료원료구매자금,100000.0,S9,없음
S9 농림축산식품·해양수산,해양수산부,수산물수매지원,95000.0,S9,없음
S10 유통·물류·생활서비스,중소벤처기업부,소상공인온라인판로지원,78719.0,S8;S10,언급
S6 모빌리티·항공우주·조선,산업통상부,출연금,70500.0,S6,없음
S1 인공지능(AI)·데이터,과학기술정보통신부,국산 AI반도체 조기상용화 지원,68685.0,S1;S2;S3,핵심
S1 인공지능(AI)·데이터,중소벤처기업부,AI 응용제품 신속 상용화,64500.0,S1;S2;S7,핵심
S8 콘텐츠·문화·관광·스포츠,문화체육관광부,방송영상콘텐츠제작지원,64387.0,S8,없음
S4 바이오·헬스,산업통상부,디지털헬스케어,55358.0,S2;S4,언급
S8 콘텐츠·문화·관광·스포츠,문화체육관광부,음악산업 육성,54912.0,S8,없음
S4 바이오·헬스,보건복지부,화장품산업 경쟁력 강화,44138.0,S4,없음
S4 바이오·헬스,산업통상부,맞춤형진단·치료제품,42389.0,S4,언급
S1 인공지능(AI)·데이터,농림축산식품부,AI 응용제품 신속 상용화 지원사업(농업),40000.0,S1;S9,핵심
S10 유통·물류·생활서비스,산업통상부,유통기업 해외진출지원,38000.0,S10,없음
S10 유통·물류·생활서비스,중소벤처기업부,전자상거래수출시장진출,35609.0,S10,없음
S2 디지털·SW·정보통신,과학기술정보통신부,컴퓨팅핵심기술,33985.0,S2,없음
S1 인공지능(AI)·데이터,중소벤처기업부,AX창업허브,33362.0,S1,핵심
S6 모빌리티·항공우주·조선,국토교통부,K-UAM 안전운용체계 핵심기술(국토부),30684.0,S6,없음
S2 디지털·SW·정보통신,과학기술정보통신부,ICT이노베이션스퀘어조성,30222.0,S1;S2,활용
S3 반도체·디스플레이,산업통상부,시스템반도체기술개발,29983.0,S3,없음
S2 디지털·SW·정보통신,과학기술정보통신부,차세대무선통신,21454.0,S1;S2;S8,활용
S6 모빌리티·항공우주·조선,산업통상부,K-Carbon플래그십기술개발(R&D),15636.0,S6,없음
S3 반도체·디스플레이,산업통상부,시스템반도체상용화설계,10083.0,S3,없음
S10 유통·물류·생활서비스,중소벤처기업부,소상공인협업물류지원,9225.0,S10,없음
S3 반도체·디스플레이,산업통상부,시스템반도체기업성장사다리조성,8758.0,S3,없음
S3 반도체·디스플레이,산업통상부,파워IC(구동회로),8400.0,S3;S5,없음
