소관,A. 기술혁신 촉진(개발·실증·사업화),B. 창업·벤처 육성,C. 수출·해외진출 촉진,D. 자금조달·경영안정 지원(융자·보증·비용보전),E. 생산기반 현대화·친환경 전환(시설·설비),F. 전문인력 양성·채용 지원,G. 고용 창출·유지 및 노동환경 개선,H. 경영역량 강화·사업화 지원(컨설팅·마케팅·디자인),합계
중소벤처기업부,1634800.0,1509637.0,632466.0,8522193.0,0.0,91393.0,44500.0,925053.0,13360042.0
금융위원회,0.0,0.0,0.0,3650601.0,0.0,0.0,0.0,9235.0,3659836.0
산업통상부,2448885.0,8758.0,425378.0,515402.0,6592.0,572.0,4970.0,85089.0,3495646.0
고용노동부,0.0,30000.0,0.0,555043.0,0.0,0.0,2764918.0,44416.0,3394377.0
기후에너지환경부,617478.0,34643.0,113336.0,314216.0,1460833.0,6360.0,3326.0,52918.0,2603110.0
문화체육관광부,76900.0,70952.0,264482.0,953259.0,0.0,26552.0,0.0,36302.0,1428447.0
농림축산식품부,104863.0,28431.0,659755.0,296328.0,89988.0,0.0,1948.0,7592.0,1188905.0
과학기술정보통신부,700967.0,44325.0,51892.0,12767.0,475.0,41500.0,0.0,0.0,851926.0
해양수산부,55664.0,9160.0,168143.0,0.0,137900.0,1100.0,2020.0,0.0,373987.0
보건복지부,28503.0,1914.0,4000.0,0.0,0.0,198479.0,0.0,0.0,232896.0
국토교통부,67259.0,6822.0,3888.0,36000.0,0.0,0.0,0.0,0.0,113969.0
조달청,90400.0,0.0,4299.0,0.0,0.0,0.0,0.0,0.0,94699.0
지식재산처,62118.0,6150.0,0.0,0.0,0.0,0.0,0.0,6763.0,75031.0
식품의약품안전처,16672.0,0.0,0.0,0.0,3634.0,0.0,0.0,375.0,20681.0
우주항공청,15228.0,3200.0,0.0,0.0,0.0,2000.0,0.0,0.0,20428.0
행정안전부,9465.0,0.0,1230.0,4905.0,0.0,0.0,4650.0,0.0,20250.0
산림청,4500.0,0.0,3088.0,0.0,0.0,0.0,0.0,0.0,7588.0
기상청,2097.0,0.0,1388.0,0.0,0.0,0.0,0.0,0.0,3485.0
방송미디어통신위원회,0.0,0.0,0.0,0.0,0.0,0.0,0.0,2111.0,2111.0
성평등가족부,0.0,0.0,0.0,0.0,2070.0,0.0,0.0,0.0,2070.0
교육부,0.0,0.0,0.0,0.0,0.0,0.0,0.0,1660.0,1660.0
국가유산청,0.0,360.0,0.0,0.0,0.0,0.0,0.0,0.0,360.0
