k,연도별 텍스트기준 배정,최종배정
고용노동부|안전인증및안전검사|위험기계기구안전검사,2024:H → 2025:F,H. 고용·노동환경
고용노동부|지역·산업맞춤형일자리창출지원|자치단체지원,2024:I → 2025:H,H. 고용·노동환경
과학기술정보통신부|SW산업기반확충|SW기업성장촉진지원,2024:J → 2025:B,B. 실증·상용화·기술사업화
과학기술정보통신부|VR·AR콘텐츠산업육성|VR·AR콘텐츠개발지원,2024:J → 2025:B,B. 실증·상용화·기술사업화
과학기술정보통신부|국제IT협력프로젝트운영|국제IT협력프로젝트운영,2024:A → 2025:A → 2026:D,A. 기술개발(R&D)
과학기술정보통신부|국제기구를통한정보화분야해외진출지원(정보화)|국제기구를통한정보화분야해외진출지원,2024:J → 2025:J → 2026:D,J. 복합·기반조성(기타)
과학기술정보통신부|방송통신산업기술개발(R&D)|차세대무선통신,2024:A → 2025:A → 2026:B,A. 기술개발(R&D)
과학기술정보통신부|울산과학기술원연구운영비지원(R&D)|창업및사업화협력,2024:A → 2025:A → 2026:C,A. 기술개발(R&D)
과학기술정보통신부|전파기반신산업창출및중소기업육성|중소기업전파공동엔지니어링랩운영지원,2024:J → 2025:J → 2026:G,J. 복합·기반조성(기타)
과학기술정보통신부|지속가능한데이터센터산업발전지원|지속가능한데이터센터산업발전지원,2025:J → 2026:B,B. 실증·상용화·기술사업화
과학기술정보통신부|클라우드컴퓨팅산업육성(정보화)|클라우드서비스활성화및기업경쟁력강화,2024:B → 2025:B → 2026:J,B. 실증·상용화·기술사업화
국토교통부|노후산단재생지원(융자)|노후산단재생지원(융자),2024:E → 2025:J → 2026:J,E. 자금공급(융자·보증·투자)
국토교통부|물류산업지원|물류기업해외진출지원,2024:G → 2025:J,J. 복합·기반조성(기타)
국토교통부|스마트시티확산사업|혁신생태계조성지원,2024:A → 2025:J,J. 복합·기반조성(기타)
기후에너지환경부|물산업클러스터운영|국가물산업클러스터기업지원,2024:I → 2025:F,I. 경영·사업화 서비스
기후에너지환경부|중소환경기업사업화지원사업|녹색융합클러스터육성지원,2024:B → 2025:D,B. 실증·상용화·기술사업화
"기후에너지환경부|화학물질취급안전관리,지원|화학안전사업장조성지원",2024:H → 2025:I,I. 경영·사업화 서비스
농림축산식품부|2025축산현안대응산업화기술개발(R&D)|가축생산효율성증진,2024:A → 2025:J,A. 기술개발(R&D)
농림축산식품부|2025축산현안대응산업화기술개발(R&D)|축산시설·환경개선,2024:A → 2025:F,F. 시설·설비 투자
농림축산식품부|고부가가치식품기술개발(R&D)|물류유통자동화,2024:A → 2025:J,J. 복합·기반조성(기타)
농림축산식품부|고부가가치식품기술개발(R&D)|스마트유통관리,2024:A → 2025:B,A. 기술개발(R&D)
농림축산식품부|고부가가치식품기술개발(R&D)|식품품질안전,2024:A → 2025:F,A. 기술개발(R&D)
농림축산식품부|고부가가치식품기술개발(R&D)|차세대식품가공,2024:A → 2025:F,F. 시설·설비 투자
농림축산식품부|고위험동물감염병대응기술개발(R&D)|가축질병협력체계고도화,2024:A → 2025:J,A. 기술개발(R&D)
농림축산식품부|고위험동물감염병대응기술개발(R&D)|범부처감염병방역체계고도화,2024:A → 2025:J,A. 기술개발(R&D)
농림축산식품부|국가식품산업클러스터|기업기술지원,2024:I → 2025:D,D. 수출·해외진출
농림축산식품부|국가식품산업클러스터|비즈니스지원활성화,2024:C → 2025:J,J. 복합·기반조성(기타)
농림축산식품부|국제협력기반수출농업경쟁력강화기술개발(R&D)|농식품자원세계화,2024:A → 2025:J,A. 기술개발(R&D)
농림축산식품부|기능성식품산업육성|식품기능성평가지원,2024:J → 2025:I → 2026:B,J. 복합·기반조성(기타)
농림축산식품부|농식품글로벌경쟁력강화|농식품우수기업육성,2024:D → 2025:J → 2026:D,D. 수출·해외진출
농림축산식품부|농식품글로벌비대면마케팅지원|온라인·모바일마케팅,2024:D → 2025:I → 2026:D,D. 수출·해외진출
농림축산식품부|농식품글로벌비대면마케팅지원|온라인플랫폼운영,2024:D → 2025:J,D. 수출·해외진출
농림축산식품부|농식품글로벌육성지원자금(융자)|운영,2025:J → 2026:D,D. 수출·해외진출
농림축산식품부|농식품벤처창업활성화지원|농산업체판로지원,2024:C → 2025:J → 2026:C,C. 창업·벤처 육성
농림축산식품부|농식품벤처창업활성화지원|농식품벤처육성지원,2024:C → 2025:J → 2026:C,C. 창업·벤처 육성
농림축산식품부|농식품벤처창업활성화지원|농식품크라우드펀딩활성화,2024:C → 2025:J → 2026:C,C. 창업·벤처 육성
농림축산식품부|농식품벤처창업활성화지원|민간투자기반스케일업지원,2024:C → 2025:E,C. 창업·벤처 육성
농림축산식품부|농식품산업해외진출지원(융자)|농식품산업해외진출지원(융자),2024:E → 2025:E → 2026:D,E. 자금공급(융자·보증·투자)
농림축산식품부|농식품해외시장진출|우수농식품판로개척,2024:D → 2025:J → 2026:D,D. 수출·해외진출
농림축산식품부|반려동물연관산업해외수출산업화|시장조사및전파,2024:D → 2025:J,D. 수출·해외진출
농림축산식품부|밭농업기계화촉진기술개발(R&D)|현장맞춤형농기계성능고도화,2024:A → 2025:J,A. 기술개발(R&D)
농림축산식품부|사료산업종합지원|사료원료구매자금,2025:E → 2026:J,E. 자금공급(융자·보증·투자)
농림축산식품부|스마트팜ICT기자재국가표준확산지원|검정바우처지원,2024:I → 2025:J,B. 실증·상용화·기술사업화
농림축산식품부|스마트팜ICT기자재국가표준확산지원|스마트팜표준화지원센터운영,2024:B → 2025:J,B. 실증·상용화·기술사업화
농림축산식품부|스마트팜ICT기자재국가표준확산지원|홍보및성과관리,2024:J → 2025:B,B. 실증·상용화·기술사업화
농림축산식품부|식품외식종합자금(융자)|식품가공원료매입,2024:J → 2025:E → 2026:E,E. 자금공급(융자·보증·투자)
농림축산식품부|전통발효식품육성|전통식품산업육성,2024:J → 2025:I,I. 경영·사업화 서비스
농림축산식품부|종자산업기반구축|디지털육종전환지원,2024:B → 2025:A → 2026:A,A. 기술개발(R&D)
농림축산식품부|종자산업활성화지원|민간육종가지원,2024:D → 2025:J,J. 복합·기반조성(기타)
농림축산식품부|종자산업활성화지원|종자산업,2024:J → 2025:J → 2026:D,J. 복합·기반조성(기타)
문화체육관광부|문화중심도시육성(지자체)|국제문화창의산업전,2024:I → 2025:I → 2026:J,I. 경영·사업화 서비스
문화체육관광부|스포츠산업금융지원(융자)|스포츠산업융자,2024:F → 2025:E,E. 자금공급(융자·보증·투자)
문화체육관광부|스포츠산업활성화지원|기업경영지원,2024:J → 2025:I,J. 복합·기반조성(기타)
문화체육관광부|영화창제작지원|영화제작지원,2024:J → 2025:I,J. 복합·기반조성(기타)
문화체육관광부|전통문화창업및융합활성화|전통문화융합활성화,2024:J → 2025:C,C. 창업·벤처 육성
문화체육관광부|전통문화창업및융합활성화|전통문화창업활성화,2024:J → 2025:C,C. 창업·벤처 육성
문화체육관광부|지역신문발전지원|지역신문역량지원,2024:J → 2025:J → 2026:H,E. 자금공급(융자·보증·투자)
산업통상부|디자인산업기술개발|디자인혁신역량강화,2024:I → 2025:A → 2026:I,I. 경영·사업화 서비스
산업통상부|몬트리올의정서대응|특정물질기술지원및관리체계구축,2024:I → 2025:J,J. 복합·기반조성(기타)
산업통상부|바이오산업기술개발(R&D)|디지털헬스케어,2024:A → 2025:B → 2026:B,B. 실증·상용화·기술사업화
산업통상부|산업집적지경쟁력강화(R&D)|R&BD네트워크구축운영,2024:A → 2025:B → 2026:B,B. 실증·상용화·기술사업화
산업통상부|소부장공급망안정종합지원|수입선다변화지원,2024:J → 2025:I,J. 복합·기반조성(기타)
산업통상부|수출지원기반활용(산업부)|통합지원사업,2024:D → 2025:D → 2026:F,D. 수출·해외진출
산업통상부|에너지국제공동연구(R&D)|글로벌시장개척국제공동연구,2024:A → 2025:D,D. 수출·해외진출
산업통상부|지역혁신클러스터육성|지역혁신클러스터육성,2024:I → 2025:G → 2026:I,I. 경영·사업화 서비스
산업통상부|통상협정국내대책추진지원|중소기업FTA활용지원,2024:I → 2025:D → 2026:I,E. 자금공급(융자·보증·투자)
중소벤처기업부|기업가형소상공인육성|혁신소상공인도약지원,2025:J → 2026:I,I. 경영·사업화 서비스
중소벤처기업부|기업가형소상공인육성|혁신소상공인투자연계지원,2025:C → 2026:E,C. 창업·벤처 육성
중소벤처기업부|긴급경영안정자금(융자)|일시적경영애로및재해중소기업지원,2024:J → 2025:E → 2026:J,E. 자금공급(융자·보증·투자)
중소벤처기업부|벤처기업경쟁력강화|여성벤처활성화지원,2024:J → 2025:C → 2026:J,C. 창업·벤처 육성
중소벤처기업부|소공인특화지원|판로개척지원,2024:D → 2025:D → 2026:I,I. 경영·사업화 서비스
중소벤처기업부|소상공인성장지원|소상공인유통물류지원,2024:I → 2025:J,I. 경영·사업화 서비스
중소벤처기업부|소상공인지원(융자)|특별경영안정자금,2024:E → 2025:E → 2026:J,E. 자금공급(융자·보증·투자)
중소벤처기업부|스마트제조혁신기술개발사업(R&D)|스마트제조혁신기술개발사업,2024:A → 2025:B → 2026:B,A. 기술개발(R&D)
중소벤처기업부|신성장기반자금(융자)|Net-Zero유망기업,2024:E → 2025:E → 2026:J,E. 자금공급(융자·보증·투자)
중소벤처기업부|신성장기반자금(융자)|제조현장스마트화,2024:E → 2025:E → 2026:J,E. 자금공급(융자·보증·투자)
중소벤처기업부|신성장기반자금(융자)|혁신성장지원,2024:E → 2025:E → 2026:J,E. 자금공급(융자·보증·투자)
중소벤처기업부|신시장진출지원자금(융자)|내수기업수출기업화,2024:E → 2025:E → 2026:D,E. 자금공급(융자·보증·투자)
중소벤처기업부|신시장진출지원자금(융자)|수출기업글로벌화,2024:E → 2025:E → 2026:D,E. 자금공급(융자·보증·투자)
중소벤처기업부|여성기업육성|여성기업인력지원,2024:C → 2025:G → 2026:C,C. 창업·벤처 육성
중소벤처기업부|여성기업육성|여성기업판로지원,2024:C → 2025:I → 2026:I,I. 경영·사업화 서비스
중소벤처기업부|장애인기업육성|장애인기업성장기반구축,2024:J → 2025:J → 2026:I,J. 복합·기반조성(기타)
중소벤처기업부|중소기업재기지원|재도전성공패키지,2024:I → 2025:I → 2026:C,C. 창업·벤처 육성
중소벤처기업부|지역혁신선도기업육성(R&D)|지역기업역량강화,2025:I → 2026:D,I. 경영·사업화 서비스
중소벤처기업부|창업성장기술개발(R&D)|디딤돌,2024:C → 2025:B → 2026:A,A. 기술개발(R&D)
중소벤처기업부|혁신창업사업화자금(융자)|개발기술사업화,2024:E → 2025:E → 2026:B,E. 자금공급(융자·보증·투자)
중소벤처기업부|혁신창업사업화자금(융자)|창업기반지원,2024:E → 2025:E → 2026:C,E. 자금공급(융자·보증·투자)
해양수산부|수산물수매지원(융자)|수산물수매지원,2024:F → 2025:F → 2026:J,F. 시설·설비 투자
해양수산부|우수수산물지원(융자)|우수수산물지원,2024:E → 2025:D → 2026:D,D. 수출·해외진출
해양수산부|해양수산딥테크육성기술개발사업(R&D)|해양수산딥테크전환기술개발,2025:D → 2026:A,A. 기술개발(R&D)
