중분류,소관,세부사업명,내역사업명,내역예산
D2 보증·팩토링 등 신용보강,금융위원회,일반보증 대위변제,일반보증대위변제,2693940.0
D1 정책자금 융자(운전·시설자금),중소벤처기업부,소상공인지원(융자),특별경영안정자금,1350000.0
D1 정책자금 융자(운전·시설자금),중소벤처기업부,혁신창업사업화자금(융자),창업기반지원,1305800.0
D1 정책자금 융자(운전·시설자금),중소벤처기업부,소상공인지원(융자),일반경영안정자금,1220000.0
A1 산업기술 개발(일반 R&D),산업통상부,소재부품기술개발(R&D),소재부품패키지형,928210.0
G1 고용 창출·유지(고용장려금),고용노동부,청년일자리창출지원,청년일자리도약장려금,907959.0
D1 정책자금 융자(운전·시설자금),중소벤처기업부,소상공인지원(융자),성장기반자금,792000.0
B1 창업·벤처 육성,중소벤처기업부,창업성장기술개발(R&D),TIPS,668391.0
E2 환경·에너지 설비 설치(탄소중립·에너지 전환),기후에너지환경부,신재생에너지금융지원(융자),생산및시설자금,648000.0
D1 정책자금 융자(운전·시설자금),문화체육관광부,관광산업 융자지원(융자),관광사업체 융자지원,637500.0
C1 수출 마케팅·수출업체 육성,농림축산식품부,농식품글로벌육성지원자금(융자),운영,500000.0
D2 보증·팩토링 등 신용보강,금융위원회,유동화회사보증 대위변제,유동화회사보증대위변제,438446.0
D2 보증·팩토링 등 신용보강,산업통상부,무역보험금지급,무역보험금지급,400021.0
G1 고용 창출·유지(고용장려금),고용노동부,고용안정장려금,출산육아기 고용안정장려금,359488.0
A1 산업기술 개발(일반 R&D),산업통상부,소재부품기술개발(R&D),소재부품투자연계,344124.0
G2 산업안전·근로자 건강 보호,고용노동부,클린사업장조성지원,안전동행지원사업,332000.0
A8 실증·상용화·확산(AI·디지털),중소벤처기업부,ICT융합스마트공장보급·확산,제조혁신구축지원,317290.0
H1 컨설팅·교육·마케팅 지원,중소벤처기업부,소상공인재기지원,희망리턴패키지,305550.0
A4 바이오·전략기술 개발·사업화,중소벤처기업부,투·융자연계기술개발(R&D),스케일업팁스,292425.0
C2 해외시장 진출 지원,중소벤처기업부,중소기업기술혁신개발(R&D),글로벌선도기술개발,273993.0
E2 환경·에너지 설비 설치(탄소중립·에너지 전환),기후에너지환경부,에너지절약시설설치(융자),에너지절약시설설치,271510.0
D2 보증·팩토링 등 신용보강,금융위원회,팩토링금융,팩토링금융,250200.0
A3 산학연 공동 R&D 수행,중소벤처기업부,중소기업기술혁신개발(R&D),중소기업유망기술개발,220249.0
G3 재직자·사업주 직업훈련 지원,고용노동부,사업주직업훈련지원금,일반훈련,210237.0
A7 산학협력 연구 및 연구인력 양성,산업통상부,소재부품산업기술개발기반구축(R&D),소재부품기술기반혁신,196457.0
B1 창업·벤처 육성,중소벤처기업부,창업사업화지원,창업패키지,195187.0
D2 보증·팩토링 등 신용보강,중소벤처기업부,지역신용보증재단재보증,지역신용보증재단재보증,168128.0
A5 모빌리티 기술개발·기반구축,산업통상부,자동차산업기술개발(R&D),그린카,161942.0
G2 산업안전·근로자 건강 보호,고용노동부,클린사업장조성지원,안전일터조성지원,160607.0
C1 수출 마케팅·수출업체 육성,해양수산부,우수수산물지원(융자),우수수산물지원,156393.0
G3 재직자·사업주 직업훈련 지원,고용노동부,국가인적자원개발컨소시엄지원,산업맞춤형,154840.0
C1 수출 마케팅·수출업체 육성,산업통상부,수출지원기반활용(산업부),통합지원사업,154312.0
C1 수출 마케팅·수출업체 육성,중소벤처기업부,수출지원기반활용사업,수출바우처,150203.0
E2 환경·에너지 설비 설치(탄소중립·에너지 전환),기후에너지환경부,원전 생태계 금융 지원사업,융자금,149700.0
A8 실증·상용화·확산(AI·디지털),중소벤처기업부,창업사업화지원,초격차스타트업프로젝트,145622.0
E1 생산·가공시설 현대화 및 인증(농식품 등),기후에너지환경부,탄소중립 설비투자 지원(환경부),온실가스 감축기반 구축,134634.0
G3 재직자·사업주 직업훈련 지원,고용노동부,산업현장일학습병행지원,일학습병행훈련비,129277.0
B1 창업·벤처 육성,중소벤처기업부,민관협력창업자육성,민관공동창업자발굴육성,123656.0
F1 전문인력 양성·채용 지원,보건복지부,바이오헬스산업 육성 지원,제약산업 경쟁력 강화,119418.0
A4 바이오·전략기술 개발·사업화,중소벤처기업부,창업성장기술개발(R&D),디딤돌,118028.0
A1 산업기술 개발(일반 R&D),기후에너지환경부,에너지수요관리핵심기술개발(R&D),에너지효율혁신기술개발,115623.0
A2 원천·핵심기술 개발(출연연·국산화),과학기술정보통신부,차세대네트워크(6G)산업기술개발(R&D),차세대네트워크(6G)산업기술개발,104120.0
B1 창업·벤처 육성,중소벤처기업부,창업성공패키지,창업성공패키지,102531.0
H1 컨설팅·교육·마케팅 지원,중소벤처기업부,소공인특화지원,스마트제조지원,98000.0
E1 생산·가공시설 현대화 및 인증(농식품 등),해양수산부,수산물수매지원(융자),수산물수매지원,95000.0
A4 바이오·전략기술 개발·사업화,산업통상부,산업기술국제협력(R&D),국제공동기술개발,91370.0
A9 기술사업화·기술이전 촉진,중소벤처기업부,민관공동기술사업화(R&D),구매연계ㆍ상생협력,91245.0
A7 산학협력 연구 및 연구인력 양성,과학기술정보통신부,나노·소재기술개발(R&D),기반구축,91157.0
E2 환경·에너지 설비 설치(탄소중립·에너지 전환),기후에너지환경부,전력효율향상,에너지효율시장조성사업,89859.0
B1 창업·벤처 육성,중소벤처기업부,창업사업화지원,창업중심대학,88250.0
C1 수출 마케팅·수출업체 육성,농림축산식품부,농식품글로벌경쟁력강화,농식품우수기업육성,79795.0
H1 컨설팅·교육·마케팅 지원,중소벤처기업부,소상공인스마트화지원,소상공인온라인판로지원,78719.0
A4 바이오·전략기술 개발·사업화,기후에너지환경부,에너지수요관리핵심기술개발(R&D),수요관리기반기술개발,77026.0
E2 환경·에너지 설비 설치(탄소중립·에너지 전환),기후에너지환경부,탄소중립 설비투자 지원(환경부),스마트 생태공장 구축,75270.0
C2 해외시장 진출 지원,중소벤처기업부,투·융자연계기술개발(R&D),글로벌팁스,74706.0
A6 에너지 기술개발·실증,기후에너지환경부,신재생에너지핵심기술개발(R&D),수소,73453.0
H1 컨설팅·교육·마케팅 지원,중소벤처기업부,지역혁신선도기업육성(R&D),주력산업생태계구축,72847.0
G2 산업안전·근로자 건강 보호,고용노동부,유해작업환경개선,취약계층 고위험 환경 개선지원,71635.0
A3 산학연 공동 R&D 수행,중소벤처기업부,투·융자연계기술개발(R&D),딥테크챌린지프로젝트(DCP),70873.0
G1 고용 창출·유지(고용장려금),고용노동부,고용유지지원금,고용유지지원금,70205.0
A6 에너지 기술개발·실증,기후에너지환경부,신재생에너지핵심기술개발(R&D),풍력,69838.0
A6 에너지 기술개발·실증,기후에너지환경부,신재생에너지핵심기술개발(R&D),태양광,69355.0
A8 실증·상용화·확산(AI·디지털),과학기술정보통신부,AI반도체실증지원,국산 AI반도체 조기상용화 지원,68685.0
G3 재직자·사업주 직업훈련 지원,고용노동부,산업현장일학습병행지원,일학습병행공동훈련센터,68516.0
H1 컨설팅·교육·마케팅 지원,중소벤처기업부,중소기업혁신바우처지원사업,중소기업혁신바우처지원사업,65234.0
A8 실증·상용화·확산(AI·디지털),중소벤처기업부,ICT융합스마트공장보급·확산,AI 응용제품 신속 상용화,64500.0
C2 해외시장 진출 지원,문화체육관광부,방송영상콘텐츠산업 육성,방송영상콘텐츠제작지원,64387.0
G1 고용 창출·유지(고용장려금),고용노동부,고용안정장려금,워라밸일자리 장려금,58362.0
A8 실증·상용화·확산(AI·디지털),산업통상부,바이오산업기술개발(R&D),디지털헬스케어,55358.0
A1 산업기술 개발(일반 R&D),산업통상부,지역혁신클러스터육성(R&D),지역혁신클러스터고도화,54056.0
A6 에너지 기술개발·실증,기후에너지환경부,신재생에너지핵심기술개발(R&D),연료전지,51345.0
A3 산학연 공동 R&D 수행,산업통상부,전자부품산업기술개발(R&D),주력산업IT융합,50560.0
A4 바이오·전략기술 개발·사업화,산업통상부,바이오산업기술개발(R&D),맞춤형진단·치료제품,42389.0
A1 산업기술 개발(일반 R&D),산업통상부,바이오산업기술개발(R&D),첨단바이오신소재,42023.0
G2 산업안전·근로자 건강 보호,고용노동부,클린사업장조성지원,건강일터조성지원,40825.0
G3 재직자·사업주 직업훈련 지원,고용노동부,사업주직업훈련지원금,현장맞춤형체계적훈련,35899.0
F1 전문인력 양성·채용 지원,보건복지부,바이오헬스산업 육성 지원,바이오헬스 산업 글로벌 진출 지원,34923.0
H2 디자인 혁신 지원,산업통상부,디자인산업기술개발,디자인혁신역량강화,33661.0
A2 원천·핵심기술 개발(출연연·국산화),문화체육관광부,문화기술연구개발(R&D),K-콘텐츠 제작 기술개발,33475.0
G1 고용 창출·유지(고용장려금),고용노동부,사회적기업육성(지특),일자리창출사업,32100.0
A2 원천·핵심기술 개발(출연연·국산화),국토교통부,한국형 도심항공교통(K-UAM) 안전운용체계 핵심기술개발(R&D),K-UAM 안전운용체계 핵심기술(국토부),30684.0
F1 전문인력 양성·채용 지원,과학기술정보통신부,지역디지털인재양성,ICT이노베이션스퀘어조성,30222.0
E1 생산·가공시설 현대화 및 인증(농식품 등),농림축산식품부,식품외식종합자금(융자),외식업체육성,30000.0
A3 산학연 공동 R&D 수행,산업통상부,반도체첨단산업기술개발사업(R&D),시스템반도체기술개발,29983.0
E1 생산·가공시설 현대화 및 인증(농식품 등),해양수산부,수산물수매지원(융자),가공시설및운영,29400.0
A9 기술사업화·기술이전 촉진,중소벤처기업부,민관공동기술사업화(R&D),기술이전사업화,28667.0
F1 전문인력 양성·채용 지원,중소벤처기업부,산학협력인력양성,중소기업특성화고인력양성,27637.0
A7 산학협력 연구 및 연구인력 양성,중소벤처기업부,산학연CollaboR&D(R&D),산학협력기술개발,27613.0
F1 전문인력 양성·채용 지원,중소벤처기업부,연수사업,연수사업,25931.0
A7 산학협력 연구 및 연구인력 양성,기후에너지환경부,에너지국제공동연구(R&D),에너지기술선도국제공동연구,25416.0
A9 기술사업화·기술이전 촉진,산업통상부,중견중소기업상생형혁신도약사업(R&D),중견중소기업상생형혁신도약사업,25166.0
A2 원천·핵심기술 개발(출연연·국산화),산업통상부,시장선도를위한 한국주도형K-sensor 기술개발(R&D),시장주도형 K-센서 기술개발,25128.0
A9 기술사업화·기술이전 촉진,중소벤처기업부,기술혁신기반조성,기술사업화패키지,24000.0
A9 기술사업화·기술이전 촉진,농림축산식품부,기술사업화지원(R&D),기술사업화지원,23476.0
A6 에너지 기술개발·실증,기후에너지환경부,신재생에너지핵심기술개발(R&D),ACDCHybrid배전망테스트베드,23141.0
C2 해외시장 진출 지원,과학기술정보통신부,융합서비스글로벌시장진출지원,AI-반도체해외실증지원,21600.0
A3 산학연 공동 R&D 수행,과학기술정보통신부,방송통신산업기술개발(R&D),차세대무선통신,21454.0
E1 생산·가공시설 현대화 및 인증(농식품 등),농림축산식품부,식품외식종합자금(융자),농공상융합형 중소기업육성,19040.0
C2 해외시장 진출 지원,기후에너지환경부,에너지국제공동연구(R&D),글로벌시장개척국제공동연구,18227.0
A7 산학협력 연구 및 연구인력 양성,과학기술정보통신부,한국과학기술원부설나노종합기술원지원(R&D),일반사업비,17513.0
G2 산업안전·근로자 건강 보호,중소벤처기업부,소공인특화지원,클린제조환경조성,12600.0
A2 원천·핵심기술 개발(출연연·국산화),국토교통부,드론 안전 및 활성화 지원,드론 상용화 지원,12200.0
H2 디자인 혁신 지원,산업통상부,디자인산업진흥,디자인수요기반확충,9947.0
H2 디자인 혁신 지원,산업통상부,디자인산업진흥,디자인-기술 협업활성화,7800.0
H2 디자인 혁신 지원,산업통상부,디자인산업진흥,디자인 제조기업혁신,7396.0
A5 모빌리티 기술개발·기반구축,산업통상부,자동차보안취약점기반위협분석시스템개발(R&D),자동차보안취약점기반위협분석시스템개발(R&D),6000.0
A5 모빌리티 기술개발·기반구축,산업통상부,수요기반협력사밸류체인고도화및자립화패키지지원,수요기반협력사밸류체인고도화및자립화패키지지원,5646.0
A5 모빌리티 기술개발·기반구축,산업통상부,자동차산업기술개발(R&D),전기자동차 설계공정혁신 CTC 배터리시스템 플랫폼 기술개발,4000.0
A5 모빌리티 기술개발·기반구축,산업통상부,자동차산업기술개발(R&D),SBOM 등 글로벌규제 대응을 위한 AI 기반 자동차 원격 업데이트(OTA) 보안성 검증 시스템 개발 사업,3200.0
H2 디자인 혁신 지원,문화체육관광부,문화중심도시육성(지자체),국제문화창의산업전,880.0
