내용유형,건수('24~'26),2026 건수,2026 예산(백만원),2026 예산 비중(%)
K0 내용 미기재,99,10,716728.0,2.3
K1 기술개발 과제 수행(연구개발비),669,184,3805985.0,12.3
K10 고용장려금·인건비·공제 지급,82,29,1768886.0,5.7
K11 환경·안전 설비 구축 및 관리,112,40,1828121.0,5.9
K2 산업 생태계·협력 기반 조성(플랫폼·네트워크),207,54,1191933.0,3.9
K3 지역·사회적경제·창업 활성화 프로그램,142,50,667728.0,2.2
K4 자금 융자·보증 제공(운전·시설자금),180,59,14712680.0,47.5
K5 창업 사업화자금·투자연계·보육,137,45,2636479.0,8.5
K6 해외진출·수출 지원(전시·상담·현지화),149,55,520313.0,1.7
K7 사업비용 보조(전시·인증·컨설팅·기술도입 비용),168,63,1701527.0,5.5
K8 컨설팅·인증·시험·홍보 서비스 제공,187,65,955239.0,3.1
K9 교육·훈련 과정 운영,57,17,445885.0,1.4
