대분류,대상유형,수단유형,내용유형,건수,예산,예시
D. 자금조달·경영안정 지원(융자·보증·비용보전),T1 중소·중견기업(일반·업종·지역 특정),I4 융자(정책자금 대출),K4 자금 융자·보증 제공(운전·시설자금),15,4075150.0,일시적경영애로및재해중소기업지원 / 혁신성장지원 / 제조현장스마트화
D. 자금조달·경영안정 지원(융자·보증·비용보전),T10 보증·보험 이용기업 및 금융기관,I8 보증·보험(신용보강),K4 자금 융자·보증 제공(운전·시설자금),6,4050622.0,소상공인위탁보증대위변제 / 유동화회사보증대위변제 / 일반보증대위변제
D. 자금조달·경영안정 지원(융자·보증·비용보전),T4 소상공인·소공인,I4 융자(정책자금 대출),K4 자금 융자·보증 제공(운전·시설자금),3,3362000.0,성장기반자금 / 일반경영안정자금 / 특별경영안정자금
A. 기술혁신 촉진(개발·실증·사업화),T5 산학연 연구수행기관(기업·대학·연구소 컨소시엄),I1 R&D 과제 출연(연구개발비),K1 기술개발 과제 수행(연구개발비),82,2524289.0,융자연계형 / K-UAM 안전운용체계 핵심기술(국토부) / 수요관리기반기술개발
G. 고용 창출·유지 및 노동환경 개선,"T2 중소·벤처기업(특정 요건·단계: 글로벌 진출 희망, 인증, 재직자 등)",I5 장려금·수당 직접지급,K10 고용장려금·인건비·공제 지급,6,923330.0,청년추가고용장려금 / 청년내일채움공제(고보) / 청년일자리도약장려금
A. 기술혁신 촉진(개발·실증·사업화),T5 산학연 연구수행기관(기업·대학·연구소 컨소시엄),I1 R&D 과제 출연(연구개발비),K2 산업 생태계·협력 기반 조성(플랫폼·네트워크),21,824237.0,산학협력기술개발 / 산연협력기술개발 / 규제자유특구혁신사업육성(R&D)
B. 창업·벤처 육성,T1 중소·중견기업(일반·업종·지역 특정),I1 R&D 과제 출연(연구개발비),K5 창업 사업화자금·투자연계·보육,1,668391.0,TIPS
E. 생산기반 현대화·친환경 전환(시설·설비),"T8 수요·제도 연계 사업체 및 공공기관(수요기업, 설비 설치자, 지자체 등)",I4 융자(정책자금 대출),K4 자금 융자·보증 제공(운전·시설자금),2,649861.0,생산및시설자금 / 장기사용 석유저장시설 안전관리융자
D. 자금조달·경영안정 지원(융자·보증·비용보전),"T2 중소·벤처기업(특정 요건·단계: 글로벌 진출 희망, 인증, 재직자 등)",I4 융자(정책자금 대출),K4 자금 융자·보증 제공(운전·시설자금),3,647225.0,관광사업체 융자지원 / 이차보전 운영지원 / 가스안전관리(융자)
D. 자금조달·경영안정 지원(융자·보증·비용보전),T4 소상공인·소공인,I9 바우처,K7 사업비용 보조(전시·인증·컨설팅·기술도입 비용),1,579005.0,소상공인경영안정바우처
D. 자금조달·경영안정 지원(융자·보증·비용보전),T6 사업주·근로자(고용·산재보험 가입),I4 융자(정책자금 대출),K4 자금 융자·보증 제공(운전·시설자금),3,576072.0,산재예방시설융자(융자) / 장애인고용증진융자(융자) / 노후산단재생지원(융자)
G. 고용 창출·유지 및 노동환경 개선,T6 사업주·근로자(고용·산재보험 가입),I2 출연(기관 운영·인프라·위탁 서비스),K11 환경·안전 설비 구축 및 관리,3,564242.0,취약계층 고위험 환경 개선지원 / 안전동행지원사업 / 안전일터조성지원
G. 고용 창출·유지 및 노동환경 개선,T6 사업주·근로자(고용·산재보험 가입),I5 장려금·수당 직접지급,K10 고용장려금·인건비·공제 지급,6,509454.0,고용유지지원금 / 고용촉진장려금 / 고용창출장려금(잔여사업비)
C. 수출·해외진출 촉진,T0 수혜대상 미기재,I4 융자(정책자금 대출),K0 내용 미기재,1,500000.0,운영
H. 경영역량 강화·사업화 지원(컨설팅·마케팅·디자인),T4 소상공인·소공인,I3 보조금(사업비 보조·매칭),K5 창업 사업화자금·투자연계·보육,2,403550.0,스마트제조지원 / 희망리턴패키지
A. 기술혁신 촉진(개발·실증·사업화),T1 중소·중견기업(일반·업종·지역 특정),I4 융자(정책자금 대출),K8 컨설팅·인증·시험·홍보 서비스 제공,1,317290.0,제조혁신구축지원
B. 창업·벤처 육성,T3 예비창업자·창업기업,I6 혼합(출연+보조+직접 등 복수 형태),K5 창업 사업화자금·투자연계·보육,3,306762.0,창업패키지 / 창업중심대학 / 글로벌스타트업육성
C. 수출·해외진출 촉진,T1 중소·중견기업(일반·업종·지역 특정),I9 바우처,K7 사업비용 보조(전시·인증·컨설팅·기술도입 비용),2,304515.0,수출바우처 / 통합지원사업
D. 자금조달·경영안정 지원(융자·보증·비용보전),T1 중소·중견기업(일반·업종·지역 특정),I4 융자(정책자금 대출),K11 환경·안전 설비 구축 및 관리,1,297170.0,미래환경산업육성융자
A. 기술혁신 촉진(개발·실증·사업화),T5 산학연 연구수행기관(기업·대학·연구소 컨소시엄),I1 R&D 과제 출연(연구개발비),K5 창업 사업화자금·투자연계·보육,1,292425.0,스케일업팁스
C. 수출·해외진출 촉진,T5 산학연 연구수행기관(기업·대학·연구소 컨소시엄),I1 R&D 과제 출연(연구개발비),K1 기술개발 과제 수행(연구개발비),1,273993.0,글로벌선도기술개발
E. 생산기반 현대화·친환경 전환(시설·설비),"T8 수요·제도 연계 사업체 및 공공기관(수요기업, 설비 설치자, 지자체 등)",I4 융자(정책자금 대출),K11 환경·안전 설비 구축 및 관리,1,271510.0,에너지절약시설설치
D. 자금조달·경영안정 지원(융자·보증·비용보전),"T8 수요·제도 연계 사업체 및 공공기관(수요기업, 설비 설치자, 지자체 등)",I4 융자(정책자금 대출),K4 자금 융자·보증 제공(운전·시설자금),2,268057.0,스포츠산업 융자 / 예술산업 금융지원시범사업(융자)
E. 생산기반 현대화·친환경 전환(시설·설비),T7 일반 국민·산업 종사자·창작자,I3 보조금(사업비 보조·매칭),K11 환경·안전 설비 구축 및 관리,7,218118.0,영세사업장 악취 기술지원 / 유증기 회수설비 형식 인증 및 사후관리 / HAPs 비산배출시설 설치운영 사업장 관리
G. 고용 창출·유지 및 노동환경 개선,T6 사업주·근로자(고용·산재보험 가입),I6 혼합(출연+보조+직접 등 복수 형태),K10 고용장려금·인건비·공제 지급,1,210237.0,일반훈련
F. 전문인력 양성·채용 지원,"T2 중소·벤처기업(특정 요건·단계: 글로벌 진출 희망, 인증, 재직자 등)",I3 보조금(사업비 보조·매칭),K3 지역·사회적경제·창업 활성화 프로그램,4,199579.0,스마트해운물류융합인재및기업지원 / 제약산업 경쟁력 강화 / 화장품산업 경쟁력 강화
G. 고용 창출·유지 및 노동환경 개선,"T8 수요·제도 연계 사업체 및 공공기관(수요기업, 설비 설치자, 지자체 등)",I6 혼합(출연+보조+직접 등 복수 형태),K9 교육·훈련 과정 운영,2,197793.0,일학습병행공동훈련센터 / 일학습병행훈련비
A. 기술혁신 촉진(개발·실증·사업화),T5 산학연 연구수행기관(기업·대학·연구소 컨소시엄),I2 출연(기관 운영·인프라·위탁 서비스),K1 기술개발 과제 수행(연구개발비),17,180590.0,효율적시설물안전관리 / 초장대 K-지하고속도로 인프라 안전 및 효율 향상 기술 개발 / 폐갱도를 활용한이산화탄소 육상저장 시범사업
D. 자금조달·경영안정 지원(융자·보증·비용보전),T4 소상공인·소공인,I8 보증·보험(신용보강),K4 자금 융자·보증 제공(운전·시설자금),1,168128.0,지역신용보증재단재보증
A. 기술혁신 촉진(개발·실증·사업화),T1 중소·중견기업(일반·업종·지역 특정),I1 R&D 과제 출연(연구개발비),K1 기술개발 과제 수행(연구개발비),7,159784.0,스마트제조혁신기술개발사업 / 기술이전사업화 / 구매연계ㆍ상생협력
C. 수출·해외진출 촉진,T9 농어업인·농식품·수산업체,I4 융자(정책자금 대출),K4 자금 융자·보증 제공(운전·시설자금),1,156393.0,우수수산물지원
G. 고용 창출·유지 및 노동환경 개선,T6 사업주·근로자(고용·산재보험 가입),I3 보조금(사업비 보조·매칭),K9 교육·훈련 과정 운영,1,154840.0,산업맞춤형
A. 기술혁신 촉진(개발·실증·사업화),T5 산학연 연구수행기관(기업·대학·연구소 컨소시엄),I1 R&D 과제 출연(연구개발비),K8 컨설팅·인증·시험·홍보 서비스 제공,3,153598.0,에너지효율혁신기술개발 / K-콘텐츠 제작 기술개발 / 글로벌선도연구소육성
E. 생산기반 현대화·친환경 전환(시설·설비),T1 중소·중견기업(일반·업종·지역 특정),I4 융자(정책자금 대출),K11 환경·안전 설비 구축 및 관리,1,149700.0,융자금
A. 기술혁신 촉진(개발·실증·사업화),T3 예비창업자·창업기업,I8 보증·보험(신용보강),K5 창업 사업화자금·투자연계·보육,1,145622.0,초격차스타트업프로젝트
A. 기술혁신 촉진(개발·실증·사업화),T1 중소·중견기업(일반·업종·지역 특정),I1 R&D 과제 출연(연구개발비),K2 산업 생태계·협력 기반 조성(플랫폼·네트워크),6,142653.0,디딤돌 / 중소기업수출핵심품목탄소감축기술개발(R&D) / TRL점프업
E. 생산기반 현대화·친환경 전환(시설·설비),"T2 중소·벤처기업(특정 요건·단계: 글로벌 진출 희망, 인증, 재직자 등)",I3 보조금(사업비 보조·매칭),K11 환경·안전 설비 구축 및 관리,5,140242.0,굴뚝자동측정 기기 설치 운영 관리비 지원사업 / 소규모사업장 방지시설 설치 지원 사업 / 에너지효율시장조성사업
A. 기술혁신 촉진(개발·실증·사업화),"T8 수요·제도 연계 사업체 및 공공기관(수요기업, 설비 설치자, 지자체 등)",I1 R&D 과제 출연(연구개발비),K1 기술개발 과제 수행(연구개발비),10,134690.0,물 환경산업 경쟁력 강화 국산화 기술개발 / 대기 환경산업 경쟁력 강화 국산화 기술개발 / 공공혁신수요기반 혁신제품 기술개발
D. 자금조달·경영안정 지원(융자·보증·비용보전),"T8 수요·제도 연계 사업체 및 공공기관(수요기업, 설비 설치자, 지자체 등)",I8 보증·보험(신용보강),K4 자금 융자·보증 제공(운전·시설자금),3,130750.0,신용보증기금출연 / 전력기자재금융지원 / 문화산업보증계정 출연
E. 생산기반 현대화·친환경 전환(시설·설비),T9 농어업인·농식품·수산업체,I4 융자(정책자금 대출),K4 자금 융자·보증 제공(운전·시설자금),3,128400.0,농식품시설현대화 / 수산물수매지원 / 가공시설및운영
B. 창업·벤처 육성,T1 중소·중견기업(일반·업종·지역 특정),I6 혼합(출연+보조+직접 등 복수 형태),K3 지역·사회적경제·창업 활성화 프로그램,1,123656.0,민관공동창업자발굴육성
B. 창업·벤처 육성,T1 중소·중견기업(일반·업종·지역 특정),I6 혼합(출연+보조+직접 등 복수 형태),K5 창업 사업화자금·투자연계·보육,3,116200.0,민관협력오픈이노베이션지원 / 글로벌기업협업프로그램 / 유니콘브릿지
B. 창업·벤처 육성,T3 예비창업자·창업기업,I3 보조금(사업비 보조·매칭),K5 창업 사업화자금·투자연계·보육,7,114220.0,혁신소상공인창업지원 / 혁신소상공인투자연계지원 / 여성창업지원
C. 수출·해외진출 촉진,T5 산학연 연구수행기관(기업·대학·연구소 컨소시엄),I1 R&D 과제 출연(연구개발비),K6 해외진출·수출 지원(전시·상담·현지화),5,112124.0,글로벌팁스 / 글로벌시장개척국제공동연구 / 거점기관 개방형혁신(세종)
C. 수출·해외진출 촉진,T9 농어업인·농식품·수산업체,I3 보조금(사업비 보조·매칭),K6 해외진출·수출 지원(전시·상담·현지화),11,108097.0,농산업글로벌성장패키지지원 / 농기자재수출활성화 / 종자산업
B. 창업·벤처 육성,T1 중소·중견기업(일반·업종·지역 특정),I10 직접 수행(직접사업),K5 창업 사업화자금·투자연계·보육,1,102531.0,창업성공패키지
H. 경영역량 강화·사업화 지원(컨설팅·마케팅·디자인),T4 소상공인·소공인,I3 보조금(사업비 보조·매칭),K7 사업비용 보조(전시·인증·컨설팅·기술도입 비용),4,101489.0,소상공인역량강화 / 소상공인온라인판로지원 / 방송광고 제작 및 송출지원
D. 자금조달·경영안정 지원(융자·보증·비용보전),T0 수혜대상 미기재,I0 지원형태 미기재,K0 내용 미기재,1,100000.0,사료원료구매자금
D. 자금조달·경영안정 지원(융자·보증·비용보전),"T2 중소·벤처기업(특정 요건·단계: 글로벌 진출 희망, 인증, 재직자 등)",I8 보증·보험(신용보강),K4 자금 융자·보증 제공(운전·시설자금),2,99451.0,팩토링금융 / 원전기자재선금보증보험지원
H. 경영역량 강화·사업화 지원(컨설팅·마케팅·디자인),T5 산학연 연구수행기관(기업·대학·연구소 컨소시엄),I2 출연(기관 운영·인프라·위탁 서비스),K5 창업 사업화자금·투자연계·보육,2,96939.0,주력산업생태계구축 / 지역기업역량강화
D. 자금조달·경영안정 지원(융자·보증·비용보전),T0 수혜대상 미기재,I4 융자(정책자금 대출),K0 내용 미기재,4,96000.0,도매시장출하촉진 / 공판장출하촉진 / 화훼유통개선지원
D. 자금조달·경영안정 지원(융자·보증·비용보전),T9 농어업인·농식품·수산업체,I4 융자(정책자금 대출),K4 자금 융자·보증 제공(운전·시설자금),2,94328.0,식품가공원료매입 / 농식품산업해외진출지원(융자)
D. 자금조달·경영안정 지원(융자·보증·비용보전),T1 중소·중견기업(일반·업종·지역 특정),I4 융자(정책자금 대출),K2 산업 생태계·협력 기반 조성(플랫폼·네트워크),1,90000.0,국가첨단전략산업기술혁신 융자
C. 수출·해외진출 촉진,T1 중소·중견기업(일반·업종·지역 특정),I6 혼합(출연+보조+직접 등 복수 형태),K7 사업비용 보조(전시·인증·컨설팅·기술도입 비용),4,89818.0,수출컨소시엄 / 대중소기업동반진출 / 전자상거래수출시장진출
A. 기술혁신 촉진(개발·실증·사업화),T5 산학연 연구수행기관(기업·대학·연구소 컨소시엄),I2 출연(기관 운영·인프라·위탁 서비스),K7 사업비용 보조(전시·인증·컨설팅·기술도입 비용),2,89644.0,전파·위성 / 국산 AI반도체 조기상용화 지원
D. 자금조달·경영안정 지원(융자·보증·비용보전),T1 중소·중견기업(일반·업종·지역 특정),I8 보증·보험(신용보강),K4 자금 융자·보증 제공(운전·시설자금),2,87000.0,매출채권보험계정출연 / 기술보증기금출연
C. 수출·해외진출 촉진,T7 일반 국민·산업 종사자·창작자,I3 보조금(사업비 보조·매칭),K3 지역·사회적경제·창업 활성화 프로그램,4,83414.0,영화유통지원 / 방송영상콘텐츠제작지원 / 글로벌게임허브센터운영
A. 기술혁신 촉진(개발·실증·사업화),"T8 수요·제도 연계 사업체 및 공공기관(수요기업, 설비 설치자, 지자체 등)",I10 직접 수행(직접사업),K8 컨설팅·인증·시험·홍보 서비스 제공,2,82400.0,공공혁신조달사업(국내실증) / 공공혁신조달사업(해외실증)
C. 수출·해외진출 촉진,T10 보증·보험 이용기업 및 금융기관,I2 출연(기관 운영·인프라·위탁 서비스),K4 자금 융자·보증 제공(운전·시설자금),1,70500.0,출연금
C. 수출·해외진출 촉진,T7 일반 국민·산업 종사자·창작자,I3 보조금(사업비 보조·매칭),K6 해외진출·수출 지원(전시·상담·현지화),3,69464.0,지역대표 글로컬콘텐츠 기업 육성 / 방송영상콘텐츠유통지원 / 게임기업 육성
H. 경영역량 강화·사업화 지원(컨설팅·마케팅·디자인),"T2 중소·벤처기업(특정 요건·단계: 글로벌 진출 희망, 인증, 재직자 등)",I10 직접 수행(직접사업),K8 컨설팅·인증·시험·홍보 서비스 제공,2,67967.0,사업전환촉진 / 근로조건 자율개선 지원
H. 경영역량 강화·사업화 지원(컨설팅·마케팅·디자인),T1 중소·중견기업(일반·업종·지역 특정),I9 바우처,K7 사업비용 보조(전시·인증·컨설팅·기술도입 비용),1,65234.0,중소기업혁신바우처지원사업
A. 기술혁신 촉진(개발·실증·사업화),T1 중소·중견기업(일반·업종·지역 특정),I6 혼합(출연+보조+직접 등 복수 형태),K1 기술개발 과제 수행(연구개발비),2,65030.0,AI 응용제품 신속 상용화 / 3차원인빌딩전파특성측정및분석자동화기술개발
C. 수출·해외진출 촉진,T1 중소·중견기업(일반·업종·지역 특정),I6 혼합(출연+보조+직접 등 복수 형태),K11 환경·안전 설비 구축 및 관리,3,59330.0,대규모 혁신기술설비 도입 지원 / 산업계 감축인프라 구축지원 / 탄소중립설비투자프로젝트경매시범사업
A. 기술혁신 촉진(개발·실증·사업화),"T2 중소·벤처기업(특정 요건·단계: 글로벌 진출 희망, 인증, 재직자 등)",I9 바우처,K1 기술개발 과제 수행(연구개발비),2,57625.0,AX원스톱바우처지원 / AI바우처지원
A. 기술혁신 촉진(개발·실증·사업화),T5 산학연 연구수행기관(기업·대학·연구소 컨소시엄),I1 R&D 과제 출연(연구개발비),K7 사업비용 보조(전시·인증·컨설팅·기술도입 비용),2,57058.0,디지털헬스케어 / 첨단제조기술기반중재의료기기기술개발사업(R&D)
C. 수출·해외진출 촉진,T7 일반 국민·산업 종사자·창작자,I3 보조금(사업비 보조·매칭),K4 자금 융자·보증 제공(운전·시설자금),1,54912.0,음악산업 육성
F. 전문인력 양성·채용 지원,"T2 중소·벤처기업(특정 요건·단계: 글로벌 진출 희망, 인증, 재직자 등)",I3 보조금(사업비 보조·매칭),K5 창업 사업화자금·투자연계·보육,2,52876.0,중소기업특성화고인력양성 / 중소기업인력양성대학
B. 창업·벤처 육성,T1 중소·중견기업(일반·업종·지역 특정),I8 보증·보험(신용보강),K4 자금 융자·보증 제공(운전·시설자금),1,50259.0,혁신선도형중소기업투자
C. 수출·해외진출 촉진,"T8 수요·제도 연계 사업체 및 공공기관(수요기업, 설비 설치자, 지자체 등)",I3 보조금(사업비 보조·매칭),K6 해외진출·수출 지원(전시·상담·현지화),6,46988.0,미디어선도기업육성 / 미디어기업실증인프라지원 / 플랜트기자재수출지원
H. 경영역량 강화·사업화 지원(컨설팅·마케팅·디자인),T1 중소·중견기업(일반·업종·지역 특정),I1 R&D 과제 출연(연구개발비),K5 창업 사업화자금·투자연계·보육,2,42291.0,지역주력산업육성(세종) / 지역주력산업육성
G. 고용 창출·유지 및 노동환경 개선,T6 사업주·근로자(고용·산재보험 가입),I2 출연(기관 운영·인프라·위탁 서비스),K7 사업비용 보조(전시·인증·컨설팅·기술도입 비용),1,40825.0,건강일터조성지원
A. 기술혁신 촉진(개발·실증·사업화),T9 농어업인·농식품·수산업체,I3 보조금(사업비 보조·매칭),K1 기술개발 과제 수행(연구개발비),1,40000.0,AI 응용제품 신속 상용화 지원사업(농업)
H. 경영역량 강화·사업화 지원(컨설팅·마케팅·디자인),T1 중소·중견기업(일반·업종·지역 특정),I2 출연(기관 운영·인프라·위탁 서비스),K8 컨설팅·인증·시험·홍보 서비스 제공,4,39644.0,시군구연고산업육성(세종) / 시군구연고산업육성(제주) / 시군구연고산업육성
C. 수출·해외진출 촉진,T1 중소·중견기업(일반·업종·지역 특정),I3 보조금(사업비 보조·매칭),K7 사업비용 보조(전시·인증·컨설팅·기술도입 비용),2,39079.0,해외전시회(단체) / 해외전시회(개별)
H. 경영역량 강화·사업화 지원(컨설팅·마케팅·디자인),T6 사업주·근로자(고용·산재보험 가입),I3 보조금(사업비 보조·매칭),K8 컨설팅·인증·시험·홍보 서비스 제공,1,38331.0,컨설팅
C. 수출·해외진출 촉진,T9 농어업인·농식품·수산업체,I9 바우처,K11 환경·안전 설비 구축 및 관리,1,38036.0,우수농식품판로개척
G. 고용 창출·유지 및 노동환경 개선,T6 사업주·근로자(고용·산재보험 가입),I6 혼합(출연+보조+직접 등 복수 형태),K9 교육·훈련 과정 운영,1,35899.0,현장맞춤형체계적훈련
H. 경영역량 강화·사업화 지원(컨설팅·마케팅·디자인),T3 예비창업자·창업기업,I3 보조금(사업비 보조·매칭),K3 지역·사회적경제·창업 활성화 프로그램,2,35639.0,혁신소상공인도약지원 / 백년소상공인육성
G. 고용 창출·유지 및 노동환경 개선,T6 사업주·근로자(고용·산재보험 가입),I3 보조금(사업비 보조·매칭),K1 기술개발 과제 수행(연구개발비),1,35600.0,하이테크형
A. 기술혁신 촉진(개발·실증·사업화),T4 소상공인·소공인,I3 보조금(사업비 보조·매칭),K7 사업비용 보조(전시·인증·컨설팅·기술도입 비용),1,34882.0,스마트상점기술보급
H. 경영역량 강화·사업화 지원(컨설팅·마케팅·디자인),T1 중소·중견기업(일반·업종·지역 특정),I3 보조금(사업비 보조·매칭),K5 창업 사업화자금·투자연계·보육,1,33920.0,사업화 지원
H. 경영역량 강화·사업화 지원(컨설팅·마케팅·디자인),T5 산학연 연구수행기관(기업·대학·연구소 컨소시엄),I1 R&D 과제 출연(연구개발비),K1 기술개발 과제 수행(연구개발비),1,33661.0,디자인혁신역량강화
A. 기술혁신 촉진(개발·실증·사업화),"T2 중소·벤처기업(특정 요건·단계: 글로벌 진출 희망, 인증, 재직자 등)",I3 보조금(사업비 보조·매칭),K3 지역·사회적경제·창업 활성화 프로그램,2,33585.0,중소기업 IP 창출지원 / 의료기기산업 경쟁력 강화
A. 기술혁신 촉진(개발·실증·사업화),"T8 수요·제도 연계 사업체 및 공공기관(수요기업, 설비 설치자, 지자체 등)",I2 출연(기관 운영·인프라·위탁 서비스),K1 기술개발 과제 수행(연구개발비),8,33458.0,대기환경무인기 One-Stop 플랫폼 기술 개발 / 인공지능기반의료솔루션사업화 / XaaS선도프로젝트개발지원
B. 창업·벤처 육성,T7 일반 국민·산업 종사자·창작자,I9 바우처,K5 창업 사업화자금·투자연계·보육,1,33362.0,AX창업허브
H. 경영역량 강화·사업화 지원(컨설팅·마케팅·디자인),T7 일반 국민·산업 종사자·창작자,I3 보조금(사업비 보조·매칭),K5 창업 사업화자금·투자연계·보육,1,32938.0,영화제작지원
G. 고용 창출·유지 및 노동환경 개선,T3 예비창업자·창업기업,I3 보조금(사업비 보조·매칭),K5 창업 사업화자금·투자연계·보육,1,32100.0,일자리창출사업
A. 기술혁신 촉진(개발·실증·사업화),T7 일반 국민·산업 종사자·창작자,I3 보조금(사업비 보조·매칭),K3 지역·사회적경제·창업 활성화 프로그램,2,32050.0,지역특화 콘텐츠 개발 지원 / 지역기반 게임산업 육성
B. 창업·벤처 육성,"T2 중소·벤처기업(특정 요건·단계: 글로벌 진출 희망, 인증, 재직자 등)",I6 혼합(출연+보조+직접 등 복수 형태),K8 컨설팅·인증·시험·홍보 서비스 제공,2,30850.0,기업승계M&A지원 / 사회적기업 창업지원
D. 자금조달·경영안정 지원(융자·보증·비용보전),T1 중소·중견기업(일반·업종·지역 특정),I8 보증·보험(신용보강),K2 산업 생태계·협력 기반 조성(플랫폼·네트워크),1,30610.0,프로젝트방식R&D보증
A. 기술혁신 촉진(개발·실증·사업화),"T8 수요·제도 연계 사업체 및 공공기관(수요기업, 설비 설치자, 지자체 등)",I2 출연(기관 운영·인프라·위탁 서비스),K7 사업비용 보조(전시·인증·컨설팅·기술도입 비용),1,30500.0,AI응용제품 신속 상용화 지원사업(환경)
F. 전문인력 양성·채용 지원,"T2 중소·벤처기업(특정 요건·단계: 글로벌 진출 희망, 인증, 재직자 등)",I2 출연(기관 운영·인프라·위탁 서비스),K8 컨설팅·인증·시험·홍보 서비스 제공,1,30222.0,ICT이노베이션스퀘어조성
A. 기술혁신 촉진(개발·실증·사업화),"T2 중소·벤처기업(특정 요건·단계: 글로벌 진출 희망, 인증, 재직자 등)",I10 직접 수행(직접사업),K1 기술개발 과제 수행(연구개발비),1,30216.0,지재권 연계연구개발 전략지원
E. 생산기반 현대화·친환경 전환(시설·설비),T9 농어업인·농식품·수산업체,I4 융자(정책자금 대출),K6 해외진출·수출 지원(전시·상담·현지화),1,30000.0,외식업체육성
C. 수출·해외진출 촉진,T7 일반 국민·산업 종사자·창작자,I3 보조금(사업비 보조·매칭),K5 창업 사업화자금·투자연계·보육,1,29969.0,애니메이션산업 육성
C. 수출·해외진출 촉진,T1 중소·중견기업(일반·업종·지역 특정),I3 보조금(사업비 보조·매칭),K6 해외진출·수출 지원(전시·상담·현지화),2,29087.0,경제사절단 파견 및 상시비즈니스 지원 / 개별지원사업
A. 기술혁신 촉진(개발·실증·사업화),"T2 중소·벤처기업(특정 요건·단계: 글로벌 진출 희망, 인증, 재직자 등)",I2 출연(기관 운영·인프라·위탁 서비스),K1 기술개발 과제 수행(연구개발비),4,28618.0,AI기반위성정보활용서비스확산 / AI응용제품신속상용화지원사업 / 재난안전 맞춤형 사업화 지원
C. 수출·해외진출 촉진,"T2 중소·벤처기업(특정 요건·단계: 글로벌 진출 희망, 인증, 재직자 등)",I2 출연(기관 운영·인프라·위탁 서비스),K6 해외진출·수출 지원(전시·상담·현지화),6,28460.0,IoT시장진출지원 / 국제기구를통한정보화분야해외진출지원 / DNA대·중소파트너십동반진출
C. 수출·해외진출 촉진,"T8 수요·제도 연계 사업체 및 공공기관(수요기업, 설비 설치자, 지자체 등)",I2 출연(기관 운영·인프라·위탁 서비스),K6 해외진출·수출 지원(전시·상담·현지화),4,28229.0,융합서비스글로벌마케팅강화 / 해외진출기반지원 / 탄소산업생태계조성및확산
C. 수출·해외진출 촉진,"T8 수요·제도 연계 사업체 및 공공기관(수요기업, 설비 설치자, 지자체 등)",I3 보조금(사업비 보조·매칭),K7 사업비용 보조(전시·인증·컨설팅·기술도입 비용),4,28168.0,환경기업 수출지원 / 해외프로젝트 발굴 및 네트워크 구축 / 플라스틱 순환경제해외진출 지원
D. 자금조달·경영안정 지원(융자·보증·비용보전),T4 소상공인·소공인,I3 보조금(사업비 보조·매칭),K10 고용장려금·인건비·공제 지급,3,27218.0,손실보상한시지원 / 코로나피해소상공인분할상환지원 / 직장인 든든한 점심밥
F. 전문인력 양성·채용 지원,T4 소상공인·소공인,I10 직접 수행(직접사업),K9 교육·훈련 과정 운영,1,25931.0,연수사업
A. 기술혁신 촉진(개발·실증·사업화),T9 농어업인·농식품·수산업체,I1 R&D 과제 출연(연구개발비),K1 기술개발 과제 수행(연구개발비),4,25623.0,스마트 유통관리 / 미래대응식품 / 커스텀푸드 스마트 생산기술개발
A. 기술혁신 촉진(개발·실증·사업화),T1 중소·중견기업(일반·업종·지역 특정),I6 혼합(출연+보조+직접 등 복수 형태),K5 창업 사업화자금·투자연계·보육,1,24000.0,기술사업화패키지
C. 수출·해외진출 촉진,T7 일반 국민·산업 종사자·창작자,I10 직접 수행(직접사업),K7 사업비용 보조(전시·인증·컨설팅·기술도입 비용),1,23823.0,기업경영지원
A. 기술혁신 촉진(개발·실증·사업화),T9 농어업인·농식품·수산업체,I1 R&D 과제 출연(연구개발비),K5 창업 사업화자금·투자연계·보육,1,23476.0,기술사업화지원
A. 기술혁신 촉진(개발·실증·사업화),"T2 중소·벤처기업(특정 요건·단계: 글로벌 진출 희망, 인증, 재직자 등)",I2 출연(기관 운영·인프라·위탁 서비스),K10 고용장려금·인건비·공제 지급,2,22755.0,신진연구인력채용지원 / 고경력연구인력채용지원
B. 창업·벤처 육성,T1 중소·중견기업(일반·업종·지역 특정),I3 보조금(사업비 보조·매칭),K8 컨설팅·인증·시험·홍보 서비스 제공,1,21873.0,에코스타트업 지원
G. 고용 창출·유지 및 노동환경 개선,T6 사업주·근로자(고용·산재보험 가입),I10 직접 수행(직접사업),K10 고용장려금·인건비·공제 지급,2,21544.0,정규직전환 지원 / 일·가정 양립 환경개선 지원
A. 기술혁신 촉진(개발·실증·사업화),"T2 중소·벤처기업(특정 요건·단계: 글로벌 진출 희망, 인증, 재직자 등)",I1 R&D 과제 출연(연구개발비),K10 고용장려금·인건비·공제 지급,2,20280.0,공공연연구인력파견지원 / 산학연협력연구기반인력양성
B. 창업·벤처 육성,T7 일반 국민·산업 종사자·창작자,I3 보조금(사업비 보조·매칭),K3 지역·사회적경제·창업 활성화 프로그램,2,20273.0,콘텐츠 창작·창업 지역 확산 / 전통문화 창업 활성화
E. 생산기반 현대화·친환경 전환(시설·설비),T1 중소·중견기업(일반·업종·지역 특정),I10 직접 수행(직접사업),K11 환경·안전 설비 구축 및 관리,1,19055.0,탄소중립 설비투자지원(중기부)
E. 생산기반 현대화·친환경 전환(시설·설비),T9 농어업인·농식품·수산업체,I4 융자(정책자금 대출),K7 사업비용 보조(전시·인증·컨설팅·기술도입 비용),1,19040.0,농공상융합형 중소기업육성
G. 고용 창출·유지 및 노동환경 개선,"T2 중소·벤처기업(특정 요건·단계: 글로벌 진출 희망, 인증, 재직자 등)",I6 혼합(출연+보조+직접 등 복수 형태),K3 지역·사회적경제·창업 활성화 프로그램,1,18697.0,사회적경제 생태계 활성화
E. 생산기반 현대화·친환경 전환(시설·설비),T9 농어업인·농식품·수산업체,I3 보조금(사업비 보조·매칭),K4 자금 융자·보증 제공(운전·시설자금),2,18320.0,가공시설 현대화 / 벼건조저장시설지원
A. 기술혁신 촉진(개발·실증·사업화),"T2 중소·벤처기업(특정 요건·단계: 글로벌 진출 희망, 인증, 재직자 등)",I6 혼합(출연+보조+직접 등 복수 형태),K7 사업비용 보조(전시·인증·컨설팅·기술도입 비용),1,18000.0,고성능컴퓨팅지원
B. 창업·벤처 육성,T5 산학연 연구수행기관(기업·대학·연구소 컨소시엄),I1 R&D 과제 출연(연구개발비),K2 산업 생태계·협력 기반 조성(플랫폼·네트워크),2,17920.0,산학연협력기술창업법인육성 / 딥사이언스창업활성화지원
D. 자금조달·경영안정 지원(융자·보증·비용보전),T1 중소·중견기업(일반·업종·지역 특정),I8 보증·보험(신용보강),K7 사업비용 보조(전시·인증·컨설팅·기술도입 비용),1,17800.0,IP·R&D유동화보증
C. 수출·해외진출 촉진,"T2 중소·벤처기업(특정 요건·단계: 글로벌 진출 희망, 인증, 재직자 등)",I10 직접 수행(직접사업),K6 해외진출·수출 지원(전시·상담·현지화),1,17693.0,글로벌비즈니스센터
A. 기술혁신 촉진(개발·실증·사업화),"T2 중소·벤처기업(특정 요건·단계: 글로벌 진출 희망, 인증, 재직자 등)",I2 출연(기관 운영·인프라·위탁 서비스),K2 산업 생태계·협력 기반 조성(플랫폼·네트워크),3,17454.0,재난안전 융합기술 고도화 지원 / IoT인프라조성·보급 / 서비스로봇 실증
A. 기술혁신 촉진(개발·실증·사업화),T1 중소·중견기업(일반·업종·지역 특정),I2 출연(기관 운영·인프라·위탁 서비스),K1 기술개발 과제 수행(연구개발비),7,17363.0,데이터거래지원 / 지역특화제조데이터활성화 / 친환경 설계 적용제품 개발 및 사업화
G. 고용 창출·유지 및 노동환경 개선,T4 소상공인·소공인,I3 보조금(사업비 보조·매칭),K10 고용장려금·인건비·공제 지급,2,17260.0,소상공인사회보험료지원 / 산단근로자 천원의 아침밥
H. 경영역량 강화·사업화 지원(컨설팅·마케팅·디자인),T3 예비창업자·창업기업,I3 보조금(사업비 보조·매칭),K8 컨설팅·인증·시험·홍보 서비스 제공,2,16932.0,혁신소상공인AI활용지원 / 여성기업판로지원
A. 기술혁신 촉진(개발·실증·사업화),"T8 수요·제도 연계 사업체 및 공공기관(수요기업, 설비 설치자, 지자체 등)",I3 보조금(사업비 보조·매칭),K1 기술개발 과제 수행(연구개발비),3,16850.0,혁신생태계 조성지원 / 물류AI기술 도입지원 / AI 응용 식품 및 디지털의료제품 신속 상용화 지원
C. 수출·해외진출 촉진,"T2 중소·벤처기업(특정 요건·단계: 글로벌 진출 희망, 인증, 재직자 등)",I2 출연(기관 운영·인프라·위탁 서비스),K7 사업비용 보조(전시·인증·컨설팅·기술도입 비용),3,16788.0,AI·디지털전환혁신기업해외실증지원 / AI·디지털비즈니스파트너십구축 / 기업성장성 강화
C. 수출·해외진출 촉진,T5 산학연 연구수행기관(기업·대학·연구소 컨소시엄),I6 혼합(출연+보조+직접 등 복수 형태),K1 기술개발 과제 수행(연구개발비),2,16701.0,원자력기술유망기업육성및수출지원 / 바이오사업화지원
E. 생산기반 현대화·친환경 전환(시설·설비),T9 농어업인·농식품·수산업체,I3 보조금(사업비 보조·매칭),K11 환경·안전 설비 구축 및 관리,3,16642.0,배출권거래제 할당대상업체 지원사업 / 농식품기업 온실가스 목표관리제 / 친환경선박보급및운영지원
A. 기술혁신 촉진(개발·실증·사업화),T9 농어업인·농식품·수산업체,I2 출연(기관 운영·인프라·위탁 서비스),K1 기술개발 과제 수행(연구개발비),5,15649.0,물류유통 자동화 / 식품 품질안전 / 가축질병협력체계 고도화
B. 창업·벤처 육성,T9 농어업인·농식품·수산업체,I3 보조금(사업비 보조·매칭),K8 컨설팅·인증·시험·홍보 서비스 제공,3,15405.0,농식품벤처육성지원 / 농산업체판로지원 / 농식품크라우드펀딩활성화
H. 경영역량 강화·사업화 지원(컨설팅·마케팅·디자인),T4 소상공인·소공인,I3 보조금(사업비 보조·매칭),K8 컨설팅·인증·시험·홍보 서비스 제공,2,15005.0,가업승계지원 / 판로진출지원
H. 경영역량 강화·사업화 지원(컨설팅·마케팅·디자인),T3 예비창업자·창업기업,I3 보조금(사업비 보조·매칭),K7 사업비용 보조(전시·인증·컨설팅·기술도입 비용),1,15000.0,소상공인온오프라인교육
B. 창업·벤처 육성,T7 일반 국민·산업 종사자·창작자,I10 직접 수행(직접사업),K8 컨설팅·인증·시험·홍보 서비스 제공,1,14995.0,일자리·창업지원
D. 자금조달·경영안정 지원(융자·보증·비용보전),"T2 중소·벤처기업(특정 요건·단계: 글로벌 진출 희망, 인증, 재직자 등)",I6 혼합(출연+보조+직접 등 복수 형태),K4 자금 융자·보증 제공(운전·시설자금),1,14171.0,사회적기업 성장지원
H. 경영역량 강화·사업화 지원(컨설팅·마케팅·디자인),T4 소상공인·소공인,I3 보조금(사업비 보조·매칭),K3 지역·사회적경제·창업 활성화 프로그램,2,14058.0,소상공인협업물류지원 / 협동조합활성화
B. 창업·벤처 육성,"T2 중소·벤처기업(특정 요건·단계: 글로벌 진출 희망, 인증, 재직자 등)",I10 직접 수행(직접사업),K6 해외진출·수출 지원(전시·상담·현지화),1,13896.0,코리아스타트업센터
A. 기술혁신 촉진(개발·실증·사업화),T7 일반 국민·산업 종사자·창작자,I10 직접 수행(직접사업),K1 기술개발 과제 수행(연구개발비),2,13242.0,드론 상용화 지원 / 의료기기 품질관리 및 신속제품화 기술지원
A. 기술혁신 촉진(개발·실증·사업화),T7 일반 국민·산업 종사자·창작자,I3 보조금(사업비 보조·매칭),K1 기술개발 과제 수행(연구개발비),1,13000.0,의료 AI 상용화 지원
B. 창업·벤처 육성,"T8 수요·제도 연계 사업체 및 공공기관(수요기업, 설비 설치자, 지자체 등)",I3 보조금(사업비 보조·매칭),K7 사업비용 보조(전시·인증·컨설팅·기술도입 비용),1,12770.0,국가물산업클러스터 기업지원
F. 전문인력 양성·채용 지원,T7 일반 국민·산업 종사자·창작자,I3 보조금(사업비 보조·매칭),K1 기술개발 과제 수행(연구개발비),1,12722.0,인프라 운영
G. 고용 창출·유지 및 노동환경 개선,T4 소상공인·소공인,I3 보조금(사업비 보조·매칭),K11 환경·안전 설비 구축 및 관리,1,12600.0,클린제조환경조성
A. 기술혁신 촉진(개발·실증·사업화),T1 중소·중견기업(일반·업종·지역 특정),I6 혼합(출연+보조+직접 등 복수 형태),K8 컨설팅·인증·시험·홍보 서비스 제공,1,12126.0,제조혁신인프라조성
C. 수출·해외진출 촉진,T5 산학연 연구수행기관(기업·대학·연구소 컨소시엄),I1 R&D 과제 출연(연구개발비),K2 산업 생태계·협력 기반 조성(플랫폼·네트워크),2,11161.0,글로벌혁신특구혁신사업육성(R&D) / 글로벌 K-Culture 스타트업 혁신성장 기술개발
B. 창업·벤처 육성,"T8 수요·제도 연계 사업체 및 공공기관(수요기업, 설비 설치자, 지자체 등)",I1 R&D 과제 출연(연구개발비),K5 창업 사업화자금·투자연계·보육,1,11122.0,SW고성장클럽
A. 기술혁신 촉진(개발·실증·사업화),T1 중소·중견기업(일반·업종·지역 특정),I2 출연(기관 운영·인프라·위탁 서비스),K7 사업비용 보조(전시·인증·컨설팅·기술도입 비용),1,10888.0,중소기업스마트서비스지원
A. 기술혁신 촉진(개발·실증·사업화),T4 소상공인·소공인,I3 보조금(사업비 보조·매칭),K5 창업 사업화자금·투자연계·보육,1,10425.0,동반성장문화조성
B. 창업·벤처 육성,T9 농어업인·농식품·수산업체,I3 보조금(사업비 보조·매칭),K5 창업 사업화자금·투자연계·보육,2,10400.0,농식품액셀러레이터육성지원 / 민간투자기반스케일업 지원
A. 기술혁신 촉진(개발·실증·사업화),T1 중소·중견기업(일반·업종·지역 특정),I10 직접 수행(직접사업),K2 산업 생태계·협력 기반 조성(플랫폼·네트워크),1,10000.0,특허기반 사업화 R&D
E. 생산기반 현대화·친환경 전환(시설·설비),T0 수혜대상 미기재,I4 융자(정책자금 대출),K0 내용 미기재,1,10000.0,시설
H. 경영역량 강화·사업화 지원(컨설팅·마케팅·디자인),"T2 중소·벤처기업(특정 요건·단계: 글로벌 진출 희망, 인증, 재직자 등)",I2 출연(기관 운영·인프라·위탁 서비스),K3 지역·사회적경제·창업 활성화 프로그램,1,9947.0,디자인수요기반확충
E. 생산기반 현대화·친환경 전환(시설·설비),T7 일반 국민·산업 종사자·창작자,I6 혼합(출연+보조+직접 등 복수 형태),K11 환경·안전 설비 구축 및 관리,1,9923.0,온실가스 목표관리제 운영
D. 자금조달·경영안정 지원(융자·보증·비용보전),T1 중소·중견기업(일반·업종·지역 특정),I4 융자(정책자금 대출),K8 컨설팅·인증·시험·홍보 서비스 제공,1,9722.0,중소기업FTA활용지원
C. 수출·해외진출 촉진,T3 예비창업자·창업기업,I3 보조금(사업비 보조·매칭),K3 지역·사회적경제·창업 활성화 프로그램,1,9520.0,글로벌소상공인(K-소상공인)육성
C. 수출·해외진출 촉진,T9 농어업인·농식품·수산업체,I3 보조금(사업비 보조·매칭),K7 사업비용 보조(전시·인증·컨설팅·기술도입 비용),4,9459.0,온라인·모바일마케팅 / 수출전략형 제품 인큐베이팅 / 기업 기술지원
A. 기술혁신 촉진(개발·실증·사업화),"T2 중소·벤처기업(특정 요건·단계: 글로벌 진출 희망, 인증, 재직자 등)",I9 바우처,K5 창업 사업화자금·투자연계·보육,1,9350.0,데이터바우처
H. 경영역량 강화·사업화 지원(컨설팅·마케팅·디자인),T7 일반 국민·산업 종사자·창작자,I3 보조금(사업비 보조·매칭),K8 컨설팅·인증·시험·홍보 서비스 제공,2,9235.0,디지털 금융혁신 지원 / 핀테크기업 육성 지원
A. 기술혁신 촉진(개발·실증·사업화),"T2 중소·벤처기업(특정 요건·단계: 글로벌 진출 희망, 인증, 재직자 등)",I9 바우처,K7 사업비용 보조(전시·인증·컨설팅·기술도입 비용),1,9119.0,데이터유통·활용생태계조성
A. 기술혁신 촉진(개발·실증·사업화),"T8 수요·제도 연계 사업체 및 공공기관(수요기업, 설비 설치자, 지자체 등)",I2 출연(기관 운영·인프라·위탁 서비스),K5 창업 사업화자금·투자연계·보육,1,9000.0,딥테크스케일업밸리육성
A. 기술혁신 촉진(개발·실증·사업화),"T8 수요·제도 연계 사업체 및 공공기관(수요기업, 설비 설치자, 지자체 등)",I9 바우처,K7 사업비용 보조(전시·인증·컨설팅·기술도입 비용),1,8993.0,클라우드서비스활성화및기업경쟁력강화
D. 자금조달·경영안정 지원(융자·보증·비용보전),"T2 중소·벤처기업(특정 요건·단계: 글로벌 진출 희망, 인증, 재직자 등)",I8 보증·보험(신용보강),K8 컨설팅·인증·시험·홍보 서비스 제공,1,8956.0,ICT중소기업정보보호안전망확충
B. 창업·벤처 육성,T5 산학연 연구수행기관(기업·대학·연구소 컨소시엄),I2 출연(기관 운영·인프라·위탁 서비스),K3 지역·사회적경제·창업 활성화 프로그램,1,8758.0,시스템반도체기업성장사다리조성
F. 전문인력 양성·채용 지원,"T2 중소·벤처기업(특정 요건·단계: 글로벌 진출 희망, 인증, 재직자 등)",I3 보조금(사업비 보조·매칭),K10 고용장려금·인건비·공제 지급,1,8686.0,중소기업핵심인력성과보상기금
A. 기술혁신 촉진(개발·실증·사업화),T1 중소·중견기업(일반·업종·지역 특정),I3 보조금(사업비 보조·매칭),K11 환경·안전 설비 구축 및 관리,4,8424.0,탄소중립사업화지원(환경부) / 안전한전자파제품개발지원 / 고품질전자파부품·소재개발지원
F. 전문인력 양성·채용 지원,"T2 중소·벤처기업(특정 요건·단계: 글로벌 진출 희망, 인증, 재직자 등)",I2 출연(기관 운영·인프라·위탁 서비스),K1 기술개발 과제 수행(연구개발비),1,8400.0,산업재직자AI역량강화
A. 기술혁신 촉진(개발·실증·사업화),"T8 수요·제도 연계 사업체 및 공공기관(수요기업, 설비 설치자, 지자체 등)",I2 출연(기관 운영·인프라·위탁 서비스),K8 컨설팅·인증·시험·홍보 서비스 제공,3,8308.0,ICT규제샌드박스제도운영 / ICT규제샌드박스지정과제운영 / SW산업기술확산역량강화
H. 경영역량 강화·사업화 지원(컨설팅·마케팅·디자인),"T2 중소·벤처기업(특정 요건·단계: 글로벌 진출 희망, 인증, 재직자 등)",I2 출연(기관 운영·인프라·위탁 서비스),K7 사업비용 보조(전시·인증·컨설팅·기술도입 비용),2,8227.0,지속가능디자인지원 / 디자인 제조기업혁신
A. 기술혁신 촉진(개발·실증·사업화),T1 중소·중견기업(일반·업종·지역 특정),I6 혼합(출연+보조+직접 등 복수 형태),K7 사업비용 보조(전시·인증·컨설팅·기술도입 비용),1,8140.0,제조데이터생태계구축
E. 생산기반 현대화·친환경 전환(시설·설비),T9 농어업인·농식품·수산업체,I1 R&D 과제 출연(연구개발비),K7 사업비용 보조(전시·인증·컨설팅·기술도입 비용),1,8128.0,차세대 식품가공
A. 기술혁신 촉진(개발·실증·사업화),T7 일반 국민·산업 종사자·창작자,I10 직접 수행(직접사업),K3 지역·사회적경제·창업 활성화 프로그램,1,8100.0,드론실증도시 구축
H. 경영역량 강화·사업화 지원(컨설팅·마케팅·디자인),T5 산학연 연구수행기관(기업·대학·연구소 컨소시엄),I1 R&D 과제 출연(연구개발비),K5 창업 사업화자금·투자연계·보육,1,8020.0,지역혁신클러스터육성
B. 창업·벤처 육성,"T2 중소·벤처기업(특정 요건·단계: 글로벌 진출 희망, 인증, 재직자 등)",I2 출연(기관 운영·인프라·위탁 서비스),K1 기술개발 과제 수행(연구개발비),1,8000.0,K-테크 파이오니어즈
B. 창업·벤처 육성,T3 예비창업자·창업기업,I3 보조금(사업비 보조·매칭),K8 컨설팅·인증·시험·홍보 서비스 제공,2,7930.0,펨테크산업육성사업 / IP 나래 프로그램
D. 자금조달·경영안정 지원(융자·보증·비용보전),T1 중소·중견기업(일반·업종·지역 특정),I6 혼합(출연+보조+직접 등 복수 형태),K2 산업 생태계·협력 기반 조성(플랫폼·네트워크),1,7838.0,중소기업기술탈취근절
H. 경영역량 강화·사업화 지원(컨설팅·마케팅·디자인),"T2 중소·벤처기업(특정 요건·단계: 글로벌 진출 희망, 인증, 재직자 등)",I2 출연(기관 운영·인프라·위탁 서비스),K5 창업 사업화자금·투자연계·보육,1,7800.0,디자인-기술 협업활성화
D. 자금조달·경영안정 지원(융자·보증·비용보전),"T2 중소·벤처기업(특정 요건·단계: 글로벌 진출 희망, 인증, 재직자 등)",I4 융자(정책자금 대출),K3 지역·사회적경제·창업 활성화 프로그램,1,7749.0,지역신문역량지원
G. 고용 창출·유지 및 노동환경 개선,T1 중소·중견기업(일반·업종·지역 특정),I1 R&D 과제 출연(연구개발비),K1 기술개발 과제 수행(연구개발비),1,7700.0,디지털기반중소제조산재예방기술개발(R&D)
G. 고용 창출·유지 및 노동환경 개선,T6 사업주·근로자(고용·산재보험 가입),I6 혼합(출연+보조+직접 등 복수 형태),K11 환경·안전 설비 구축 및 관리,2,7541.0,업무상질병 핵심 고위험요인 집중관리 / 화학사고재해집중관리
A. 기술혁신 촉진(개발·실증·사업화),T1 중소·중견기업(일반·업종·지역 특정),I2 출연(기관 운영·인프라·위탁 서비스),K2 산업 생태계·협력 기반 조성(플랫폼·네트워크),1,7500.0,연구소기업전략육성
A. 기술혁신 촉진(개발·실증·사업화),"T8 수요·제도 연계 사업체 및 공공기관(수요기업, 설비 설치자, 지자체 등)",I9 바우처,K1 기술개발 과제 수행(연구개발비),1,7500.0,AX혁신기업창의기술개발
H. 경영역량 강화·사업화 지원(컨설팅·마케팅·디자인),T7 일반 국민·산업 종사자·창작자,I3 보조금(사업비 보조·매칭),K3 지역·사회적경제·창업 활성화 프로그램,3,7409.0,수소기업성장지원 / 국제문화창의산업전 / 문화콘텐츠 제작 및 마케팅 지원
F. 전문인력 양성·채용 지원,T7 일반 국민·산업 종사자·창작자,I3 보조금(사업비 보조·매칭),K7 사업비용 보조(전시·인증·컨설팅·기술도입 비용),1,6930.0,콘텐츠 기업육성지원
F. 전문인력 양성·채용 지원,T5 산학연 연구수행기관(기업·대학·연구소 컨소시엄),I1 R&D 과제 출연(연구개발비),K1 기술개발 과제 수행(연구개발비),1,6900.0,장르별 문화기술(CT)전문인력양성
H. 경영역량 강화·사업화 지원(컨설팅·마케팅·디자인),T1 중소·중견기업(일반·업종·지역 특정),I6 혼합(출연+보조+직접 등 복수 형태),K8 컨설팅·인증·시험·홍보 서비스 제공,2,6822.0,기업애로전문가상담 / 현장클리닉
B. 창업·벤처 육성,T3 예비창업자·창업기업,I2 출연(기관 운영·인프라·위탁 서비스),K3 지역·사회적경제·창업 활성화 프로그램,2,6822.0,스마트건설지원센터운영 / 국토교통 창업 및 기업지원
B. 창업·벤처 육성,"T2 중소·벤처기업(특정 요건·단계: 글로벌 진출 희망, 인증, 재직자 등)",I2 출연(기관 운영·인프라·위탁 서비스),K8 컨설팅·인증·시험·홍보 서비스 제공,2,6763.0,글로벌창업활성화기반조성 / 혁신기술기반벤처성장지원
H. 경영역량 강화·사업화 지원(컨설팅·마케팅·디자인),T4 소상공인·소공인,I9 바우처,K8 컨설팅·인증·시험·홍보 서비스 제공,1,6694.0,판로개척지원
F. 전문인력 양성·채용 지원,"T2 중소·벤처기업(특정 요건·단계: 글로벌 진출 희망, 인증, 재직자 등)",I3 보조금(사업비 보조·매칭),K7 사업비용 보조(전시·인증·컨설팅·기술도입 비용),1,6360.0,원자력핵심기업육성
A. 기술혁신 촉진(개발·실증·사업화),T5 산학연 연구수행기관(기업·대학·연구소 컨소시엄),I0 지원형태 미기재,K0 내용 미기재,1,6228.0,항공우주부품공정고도화기술개발
B. 창업·벤처 육성,T3 예비창업자·창업기업,I3 보조금(사업비 보조·매칭),K3 지역·사회적경제·창업 활성화 프로그램,3,6005.0,여성기업인력지원 / 여성벤처활성화지원 / 관광사업 지원기반 구축
B. 창업·벤처 육성,T9 농어업인·농식품·수산업체,I3 보조금(사업비 보조·매칭),K3 지역·사회적경제·창업 활성화 프로그램,1,6000.0,지역별창업투자지원센터
C. 수출·해외진출 촉진,T1 중소·중견기업(일반·업종·지역 특정),I6 혼합(출연+보조+직접 등 복수 형태),K5 창업 사업화자금·투자연계·보육,1,6000.0,민간투자기반유망기업사업화지원
H. 경영역량 강화·사업화 지원(컨설팅·마케팅·디자인),T1 중소·중견기업(일반·업종·지역 특정),I3 보조금(사업비 보조·매칭),K3 지역·사회적경제·창업 활성화 프로그램,1,6000.0,새활용 산업 육성 지원
A. 기술혁신 촉진(개발·실증·사업화),T5 산학연 연구수행기관(기업·대학·연구소 컨소시엄),I3 보조금(사업비 보조·매칭),K7 사업비용 보조(전시·인증·컨설팅·기술도입 비용),1,5972.0,특구활성화 및 육성기반 조성(통합)
A. 기술혁신 촉진(개발·실증·사업화),T7 일반 국민·산업 종사자·창작자,I2 출연(기관 운영·인프라·위탁 서비스),K1 기술개발 과제 수행(연구개발비),2,5753.0,디지털안전선도모델개발 / 제로트러스트확산지원
C. 수출·해외진출 촉진,T9 농어업인·농식품·수산업체,I2 출연(기관 운영·인프라·위탁 서비스),K6 해외진출·수출 지원(전시·상담·현지화),1,5725.0,전략품목수출활성화
A. 기술혁신 촉진(개발·실증·사업화),T1 중소·중견기업(일반·업종·지역 특정),I9 바우처,K7 사업비용 보조(전시·인증·컨설팅·기술도입 비용),1,5610.0,기술보호선도기업육성및피해회복지원
C. 수출·해외진출 촉진,"T2 중소·벤처기업(특정 요건·단계: 글로벌 진출 희망, 인증, 재직자 등)",I3 보조금(사업비 보조·매칭),K7 사업비용 보조(전시·인증·컨설팅·기술도입 비용),1,5332.0,국내전시회개최지원
C. 수출·해외진출 촉진,T1 중소·중견기업(일반·업종·지역 특정),I10 직접 수행(직접사업),K6 해외진출·수출 지원(전시·상담·현지화),2,5272.0,온라인수출플랫폼(정보화) / 글로벌협력기반구축
G. 고용 창출·유지 및 노동환경 개선,"T2 중소·벤처기업(특정 요건·단계: 글로벌 진출 희망, 인증, 재직자 등)",I3 보조금(사업비 보조·매칭),K9 교육·훈련 과정 운영,1,5164.0,기업인력애로센터활용취업지원
H. 경영역량 강화·사업화 지원(컨설팅·마케팅·디자인),T7 일반 국민·산업 종사자·창작자,I10 직접 수행(직접사업),K8 컨설팅·인증·시험·홍보 서비스 제공,1,5102.0,화학안전 사업장 조성지원
H. 경영역량 강화·사업화 지원(컨설팅·마케팅·디자인),"T2 중소·벤처기업(특정 요건·단계: 글로벌 진출 희망, 인증, 재직자 등)",I6 혼합(출연+보조+직접 등 복수 형태),K3 지역·사회적경제·창업 활성화 프로그램,1,4963.0,사회적기업 판로지원
D. 자금조달·경영안정 지원(융자·보증·비용보전),T7 일반 국민·산업 종사자·창작자,I3 보조금(사업비 보조·매칭),K4 자금 융자·보증 제공(운전·시설자금),3,4905.0,착한가격업소 활성화 지원(자율) / 착한가격업소 활성화 지원(제주) / 착한가격업소 활성화 지원(세종)
G. 고용 창출·유지 및 노동환경 개선,T1 중소·중견기업(일반·업종·지역 특정),I2 출연(기관 운영·인프라·위탁 서비스),K9 교육·훈련 과정 운영,1,4840.0,중소조선함정MRO글로벌경쟁력강화지원
A. 기술혁신 촉진(개발·실증·사업화),"T2 중소·벤처기업(특정 요건·단계: 글로벌 진출 희망, 인증, 재직자 등)",I1 R&D 과제 출연(연구개발비),K5 창업 사업화자금·투자연계·보육,1,4830.0,중소기업연구인력현장맞춤형양성지원
A. 기술혁신 촉진(개발·실증·사업화),"T2 중소·벤처기업(특정 요건·단계: 글로벌 진출 희망, 인증, 재직자 등)",I6 혼합(출연+보조+직접 등 복수 형태),K2 산업 생태계·협력 기반 조성(플랫폼·네트워크),1,4800.0,중소기업등클라우드서비스보급･확산
G. 고용 창출·유지 및 노동환경 개선,T7 일반 국민·산업 종사자·창작자,I3 보조금(사업비 보조·매칭),K3 지역·사회적경제·창업 활성화 프로그램,1,4650.0,마을기업 육성사업
A. 기술혁신 촉진(개발·실증·사업화),T7 일반 국민·산업 종사자·창작자,I1 R&D 과제 출연(연구개발비),K1 기술개발 과제 수행(연구개발비),1,4537.0,화학사고 예측‧예방 고도화 기술개발사업(R&D)
C. 수출·해외진출 촉진,T7 일반 국민·산업 종사자·창작자,I3 보조금(사업비 보조·매칭),K1 기술개발 과제 수행(연구개발비),1,4500.0,혁신형 물기업 지정·지원
A. 기술혁신 촉진(개발·실증·사업화),T9 농어업인·농식품·수산업체,I2 출연(기관 운영·인프라·위탁 서비스),K11 환경·안전 설비 구축 및 관리,1,4500.0,대형 목재 수확용 지능형 하베스터 개발
E. 생산기반 현대화·친환경 전환(시설·설비),T1 중소·중견기업(일반·업종·지역 특정),I1 R&D 과제 출연(연구개발비),K2 산업 생태계·협력 기반 조성(플랫폼·네트워크),1,4500.0,녹색인증스케일업기술개발
H. 경영역량 강화·사업화 지원(컨설팅·마케팅·디자인),"T2 중소·벤처기업(특정 요건·단계: 글로벌 진출 희망, 인증, 재직자 등)",I3 보조금(사업비 보조·매칭),K3 지역·사회적경제·창업 활성화 프로그램,1,4491.0,소상공인 IP 창출지원
C. 수출·해외진출 촉진,T5 산학연 연구수행기관(기업·대학·연구소 컨소시엄),I9 바우처,K2 산업 생태계·협력 기반 조성(플랫폼·네트워크),1,4400.0,디지털융합 촉진지원
C. 수출·해외진출 촉진,"T8 수요·제도 연계 사업체 및 공공기관(수요기업, 설비 설치자, 지자체 등)",I10 직접 수행(직접사업),K6 해외진출·수출 지원(전시·상담·현지화),1,4299.0,우리 기업의 해외시장진출 지원
H. 경영역량 강화·사업화 지원(컨설팅·마케팅·디자인),"T2 중소·벤처기업(특정 요건·단계: 글로벌 진출 희망, 인증, 재직자 등)",I2 출연(기관 운영·인프라·위탁 서비스),K9 교육·훈련 과정 운영,2,4272.0,재직자맞춤형기술교육 / 특화단지재직자교육
F. 전문인력 양성·채용 지원,"T8 수요·제도 연계 사업체 및 공공기관(수요기업, 설비 설치자, 지자체 등)",I2 출연(기관 운영·인프라·위탁 서비스),K1 기술개발 과제 수행(연구개발비),2,4250.0,차세대 항공 기체부품 실증지원 기반구축 / AI반도체기술인재공급플랫폼
H. 경영역량 강화·사업화 지원(컨설팅·마케팅·디자인),"T2 중소·벤처기업(특정 요건·단계: 글로벌 진출 희망, 인증, 재직자 등)",I1 R&D 과제 출연(연구개발비),K9 교육·훈련 과정 운영,1,4243.0,산학융합촉진지원
B. 창업·벤처 육성,T7 일반 국민·산업 종사자·창작자,I3 보조금(사업비 보조·매칭),K7 사업비용 보조(전시·인증·컨설팅·기술도입 비용),1,4210.0,전통문화 융합 활성화
C. 수출·해외진출 촉진,T7 일반 국민·산업 종사자·창작자,I2 출연(기관 운영·인프라·위탁 서비스),K6 해외진출·수출 지원(전시·상담·현지화),1,4200.0,디지털콘텐츠글로벌역량강화
A. 기술혁신 촉진(개발·실증·사업화),T5 산학연 연구수행기관(기업·대학·연구소 컨소시엄),I2 출연(기관 운영·인프라·위탁 서비스),K2 산업 생태계·협력 기반 조성(플랫폼·네트워크),2,4125.0,저작권 기술 검증 및 상용화 지원 / 지역혁신클러스터고도화(세종)
H. 경영역량 강화·사업화 지원(컨설팅·마케팅·디자인),T9 농어업인·농식품·수산업체,I3 보조금(사업비 보조·매칭),K7 사업비용 보조(전시·인증·컨설팅·기술도입 비용),2,4078.0,국가표준적용종합지원 / 발효식품산업경쟁력강화
G. 고용 창출·유지 및 노동환경 개선,"T2 중소·벤처기업(특정 요건·단계: 글로벌 진출 희망, 인증, 재직자 등)",I2 출연(기관 운영·인프라·위탁 서비스),K5 창업 사업화자금·투자연계·보육,1,4060.0,청년 미래플러스
C. 수출·해외진출 촉진,T5 산학연 연구수행기관(기업·대학·연구소 컨소시엄),I2 출연(기관 운영·인프라·위탁 서비스),K0 내용 미기재,1,4000.0,글로벌 액셀러레이터 기반스케일업지원
F. 전문인력 양성·채용 지원,T1 중소·중견기업(일반·업종·지역 특정),I10 직접 수행(직접사업),K9 교육·훈련 과정 운영,1,3900.0,스타트업AI기술인력양성
H. 경영역량 강화·사업화 지원(컨설팅·마케팅·디자인),T7 일반 국민·산업 종사자·창작자,I2 출연(기관 운영·인프라·위탁 서비스),K9 교육·훈련 과정 운영,1,3870.0,중소조선스마트생산혁신지원
A. 기술혁신 촉진(개발·실증·사업화),"T2 중소·벤처기업(특정 요건·단계: 글로벌 진출 희망, 인증, 재직자 등)",I3 보조금(사업비 보조·매칭),K8 컨설팅·인증·시험·홍보 서비스 제공,1,3820.0,공공구매이행력제고
D. 자금조달·경영안정 지원(융자·보증·비용보전),"T2 중소·벤처기업(특정 요건·단계: 글로벌 진출 희망, 인증, 재직자 등)",I4 융자(정책자금 대출),K1 기술개발 과제 수행(연구개발비),1,3811.0,AI기반보안기술보유유망기업집중육성
C. 수출·해외진출 촉진,T7 일반 국민·산업 종사자·창작자,I10 직접 수행(직접사업),K6 해외진출·수출 지원(전시·상담·현지화),2,3788.0,드론해외진출지원 / 해외철도수주지원
A. 기술혁신 촉진(개발·실증·사업화),T5 산학연 연구수행기관(기업·대학·연구소 컨소시엄),I1 R&D 과제 출연(연구개발비),K6 해외진출·수출 지원(전시·상담·현지화),1,3490.0,글로벌진출형원부자재제조및검증
H. 경영역량 강화·사업화 지원(컨설팅·마케팅·디자인),T9 농어업인·농식품·수산업체,I3 보조금(사업비 보조·매칭),K8 컨설팅·인증·시험·홍보 서비스 제공,2,3464.0,제품의 친환경 설계기준 도입 / 식품기능성평가지원
D. 자금조달·경영안정 지원(융자·보증·비용보전),T1 중소·중견기업(일반·업종·지역 특정),I10 직접 수행(직접사업),K4 자금 융자·보증 제공(운전·시설자금),1,3401.0,시설투자촉진
H. 경영역량 강화·사업화 지원(컨설팅·마케팅·디자인),T1 중소·중견기업(일반·업종·지역 특정),I1 R&D 과제 출연(연구개발비),K3 지역·사회적경제·창업 활성화 프로그램,1,3383.0,지역주력산업육성(제주)
G. 고용 창출·유지 및 노동환경 개선,T7 일반 국민·산업 종사자·창작자,I10 직접 수행(직접사업),K11 환경·안전 설비 구축 및 관리,1,3326.0,중소규모 사업장 안전진단 지원
B. 창업·벤처 육성,T3 예비창업자·창업기업,I1 R&D 과제 출연(연구개발비),K2 산업 생태계·협력 기반 조성(플랫폼·네트워크),1,3200.0,우주기술실용화촉진지원사업
G. 고용 창출·유지 및 노동환경 개선,T6 사업주·근로자(고용·산재보험 가입),I2 출연(기관 운영·인프라·위탁 서비스),K10 고용장려금·인건비·공제 지급,1,3168.0,산재근로자대체인력지원
B. 창업·벤처 육성,T1 중소·중견기업(일반·업종·지역 특정),I6 혼합(출연+보조+직접 등 복수 형태),K7 사업비용 보조(전시·인증·컨설팅·기술도입 비용),1,3160.0,해양신산업인큐베이팅지원
A. 기술혁신 촉진(개발·실증·사업화),"T8 수요·제도 연계 사업체 및 공공기관(수요기업, 설비 설치자, 지자체 등)",I1 R&D 과제 출연(연구개발비),K2 산업 생태계·협력 기반 조성(플랫폼·네트워크),1,3150.0,국가첨단전략산업특화단지기술개발지원
C. 수출·해외진출 촉진,T5 산학연 연구수행기관(기업·대학·연구소 컨소시엄),I2 출연(기관 운영·인프라·위탁 서비스),K1 기술개발 과제 수행(연구개발비),1,3140.0,글로벌 진출형융복합 바이오의료제품 제조기술고도화
C. 수출·해외진출 촉진,"T2 중소·벤처기업(특정 요건·단계: 글로벌 진출 희망, 인증, 재직자 등)",I9 바우처,K5 창업 사업화자금·투자연계·보육,1,3000.0,디지털혁신기업글로벌성장바우처지원
A. 기술혁신 촉진(개발·실증·사업화),T5 산학연 연구수행기관(기업·대학·연구소 컨소시엄),I1 R&D 과제 출연(연구개발비),K3 지역·사회적경제·창업 활성화 프로그램,1,3000.0,해양수산부산물바이오소재화기술개발
C. 수출·해외진출 촉진,T4 소상공인·소공인,I3 보조금(사업비 보조·매칭),K8 컨설팅·인증·시험·홍보 서비스 제공,1,3000.0,K-뷰티클러스터
A. 기술혁신 촉진(개발·실증·사업화),T1 중소·중견기업(일반·업종·지역 특정),I2 출연(기관 운영·인프라·위탁 서비스),K11 환경·안전 설비 구축 및 관리,1,2913.0,중소조선설계엔지니어링기술지원
D. 자금조달·경영안정 지원(융자·보증·비용보전),T1 중소·중견기업(일반·업종·지역 특정),I2 출연(기관 운영·인프라·위탁 서비스),K4 자금 융자·보증 제공(운전·시설자금),1,2775.0,관세피해업종이차보전
C. 수출·해외진출 촉진,T1 중소·중견기업(일반·업종·지역 특정),I1 R&D 과제 출연(연구개발비),K1 기술개발 과제 수행(연구개발비),1,2750.0,해양수산글로벌딥테크발굴기술개발
A. 기술혁신 촉진(개발·실증·사업화),T5 산학연 연구수행기관(기업·대학·연구소 컨소시엄),I9 바우처,K1 기술개발 과제 수행(연구개발비),1,2500.0,국가전략ICT우수성과활용지원
H. 경영역량 강화·사업화 지원(컨설팅·마케팅·디자인),"T2 중소·벤처기업(특정 요건·단계: 글로벌 진출 희망, 인증, 재직자 등)",I3 보조금(사업비 보조·매칭),K11 환경·안전 설비 구축 및 관리,1,2476.0,기업환경기술지원
E. 생산기반 현대화·친환경 전환(시설·설비),T9 농어업인·농식품·수산업체,I9 바우처,K8 컨설팅·인증·시험·홍보 서비스 제공,1,2397.0,순환경제 성과관리 제도 운영
B. 창업·벤처 육성,"T8 수요·제도 연계 사업체 및 공공기관(수요기업, 설비 설치자, 지자체 등)",I3 보조금(사업비 보조·매칭),K3 지역·사회적경제·창업 활성화 프로그램,2,2274.0,국가유산 사회적 기업 사업 개발 지원 / K-BIC 플랫폼 강화
A. 기술혁신 촉진(개발·실증·사업화),T9 농어업인·농식품·수산업체,I2 출연(기관 운영·인프라·위탁 서비스),K2 산업 생태계·협력 기반 조성(플랫폼·네트워크),1,2267.0,글로벌 푸드테크 공동연구
A. 기술혁신 촉진(개발·실증·사업화),T9 농어업인·농식품·수산업체,I3 보조금(사업비 보조·매칭),K11 환경·안전 설비 구축 및 관리,1,2200.0,CE100 프로젝트 추진
C. 수출·해외진출 촉진,"T2 중소·벤처기업(특정 요건·단계: 글로벌 진출 희망, 인증, 재직자 등)",I3 보조금(사업비 보조·매칭),K6 해외진출·수출 지원(전시·상담·현지화),2,2173.0,중재사업지원비 / 전시산업기반구축
B. 창업·벤처 육성,T9 농어업인·농식품·수산업체,I3 보조금(사업비 보조·매칭),K7 사업비용 보조(전시·인증·컨설팅·기술도입 비용),1,2126.0,비즈니스 활성화 지원
A. 기술혁신 촉진(개발·실증·사업화),T7 일반 국민·산업 종사자·창작자,I6 혼합(출연+보조+직접 등 복수 형태),K3 지역·사회적경제·창업 활성화 프로그램,1,2097.0,기상정보 활용촉진 지원
E. 생산기반 현대화·친환경 전환(시설·설비),T7 일반 국민·산업 종사자·창작자,I10 직접 수행(직접사업),K9 교육·훈련 과정 운영,1,2070.0,일･가정양립 사회환경 조성
C. 수출·해외진출 촉진,T1 중소·중견기업(일반·업종·지역 특정),I2 출연(기관 운영·인프라·위탁 서비스),K6 해외진출·수출 지원(전시·상담·현지화),1,2050.0,SW글로벌역량강화
G. 고용 창출·유지 및 노동환경 개선,T1 중소·중견기업(일반·업종·지역 특정),I6 혼합(출연+보조+직접 등 복수 형태),K3 지역·사회적경제·창업 활성화 프로그램,1,2020.0,타깃기업투자확대및일자리창출지원
A. 기술혁신 촉진(개발·실증·사업화),"T2 중소·벤처기업(특정 요건·단계: 글로벌 진출 희망, 인증, 재직자 등)",I10 직접 수행(직접사업),K7 사업비용 보조(전시·인증·컨설팅·기술도입 비용),1,2020.0,지재권 활용인프라 구축
A. 기술혁신 촉진(개발·실증·사업화),T5 산학연 연구수행기관(기업·대학·연구소 컨소시엄),I2 출연(기관 운영·인프라·위탁 서비스),K8 컨설팅·인증·시험·홍보 서비스 제공,1,2000.0,창업및사업화협력
A. 기술혁신 촉진(개발·실증·사업화),"T2 중소·벤처기업(특정 요건·단계: 글로벌 진출 희망, 인증, 재직자 등)",I3 보조금(사업비 보조·매칭),K1 기술개발 과제 수행(연구개발비),1,2000.0,디지털육종전환지원
C. 수출·해외진출 촉진,T5 산학연 연구수행기관(기업·대학·연구소 컨소시엄),I2 출연(기관 운영·인프라·위탁 서비스),K6 해외진출·수출 지원(전시·상담·현지화),1,1990.0,글로벌기술협력플랫폼
G. 고용 창출·유지 및 노동환경 개선,T3 예비창업자·창업기업,I3 보조금(사업비 보조·매칭),K8 컨설팅·인증·시험·홍보 서비스 제공,1,1970.0,벤처기업일자리지원
A. 기술혁신 촉진(개발·실증·사업화),T1 중소·중견기업(일반·업종·지역 특정),I3 보조금(사업비 보조·매칭),K7 사업비용 보조(전시·인증·컨설팅·기술도입 비용),1,1968.0,전파산업중소기업성장기반조성
C. 수출·해외진출 촉진,T9 농어업인·농식품·수산업체,I3 보조금(사업비 보조·매칭),K8 컨설팅·인증·시험·홍보 서비스 제공,1,1865.0,온라인플랫폼 운영
A. 기술혁신 촉진(개발·실증·사업화),"T8 수요·제도 연계 사업체 및 공공기관(수요기업, 설비 설치자, 지자체 등)",I2 출연(기관 운영·인프라·위탁 서비스),K6 해외진출·수출 지원(전시·상담·현지화),1,1800.0,최고급 해외 인재 유치(바이오)
G. 고용 창출·유지 및 노동환경 개선,"T2 중소·벤처기업(특정 요건·단계: 글로벌 진출 희망, 인증, 재직자 등)",I6 혼합(출연+보조+직접 등 복수 형태),K10 고용장려금·인건비·공제 지급,1,1800.0,일손부족일자리동행 인센티브
B. 창업·벤처 육성,"T2 중소·벤처기업(특정 요건·단계: 글로벌 진출 희망, 인증, 재직자 등)",I3 보조금(사업비 보조·매칭),K8 컨설팅·인증·시험·홍보 서비스 제공,2,1792.0,벤처투자활성화 / M&A활성화지원
G. 고용 창출·유지 및 노동환경 개선,"T2 중소·벤처기업(특정 요건·단계: 글로벌 진출 희망, 인증, 재직자 등)",I3 보조금(사업비 보조·매칭),K10 고용장려금·인건비·공제 지급,1,1754.0,중소기업인식개선및성과공유확산
C. 수출·해외진출 촉진,"T2 중소·벤처기업(특정 요건·단계: 글로벌 진출 희망, 인증, 재직자 등)",I6 혼합(출연+보조+직접 등 복수 형태),K1 기술개발 과제 수행(연구개발비),1,1700.0,글로벌사업화촉진
H. 경영역량 강화·사업화 지원(컨설팅·마케팅·디자인),"T2 중소·벤처기업(특정 요건·단계: 글로벌 진출 희망, 인증, 재직자 등)",I6 혼합(출연+보조+직접 등 복수 형태),K1 기술개발 과제 수행(연구개발비),1,1660.0,에듀테크 성장기반 조성
H. 경영역량 강화·사업화 지원(컨설팅·마케팅·디자인),T1 중소·중견기업(일반·업종·지역 특정),I10 직접 수행(직접사업),K7 사업비용 보조(전시·인증·컨설팅·기술도입 비용),1,1618.0,위조방지기술 도입지원
A. 기술혁신 촉진(개발·실증·사업화),T1 중소·중견기업(일반·업종·지역 특정),I6 혼합(출연+보조+직접 등 복수 형태),K2 산업 생태계·협력 기반 조성(플랫폼·네트워크),1,1575.0,ASEIC운영
C. 수출·해외진출 촉진,T1 중소·중견기업(일반·업종·지역 특정),I2 출연(기관 운영·인프라·위탁 서비스),K7 사업비용 보조(전시·인증·컨설팅·기술도입 비용),1,1561.0,중소기업 청정공정 보급확산
C. 수출·해외진출 촉진,"T8 수요·제도 연계 사업체 및 공공기관(수요기업, 설비 설치자, 지자체 등)",I3 보조금(사업비 보조·매칭),K8 컨설팅·인증·시험·홍보 서비스 제공,2,1530.0,시장조사 및 전파 / 해외진출기업지원
G. 고용 창출·유지 및 노동환경 개선,"T2 중소·벤처기업(특정 요건·단계: 글로벌 진출 희망, 인증, 재직자 등)",I2 출연(기관 운영·인프라·위탁 서비스),K7 사업비용 보조(전시·인증·컨설팅·기술도입 비용),1,1500.0,AX과정
G. 고용 창출·유지 및 노동환경 개선,"T2 중소·벤처기업(특정 요건·단계: 글로벌 진출 희망, 인증, 재직자 등)",I2 출연(기관 운영·인프라·위탁 서비스),K9 교육·훈련 과정 운영,1,1488.0,교육훈련과정
A. 기술혁신 촉진(개발·실증·사업화),T1 중소·중견기업(일반·업종·지역 특정),I2 출연(기관 운영·인프라·위탁 서비스),K8 컨설팅·인증·시험·홍보 서비스 제공,1,1455.0,미래차 탑재모듈상용화 기반구축
H. 경영역량 강화·사업화 지원(컨설팅·마케팅·디자인),T3 예비창업자·창업기업,I6 혼합(출연+보조+직접 등 복수 형태),K7 사업비용 보조(전시·인증·컨설팅·기술도입 비용),1,1444.0,공공구매및규제해소지원
E. 생산기반 현대화·친환경 전환(시설·설비),T1 중소·중견기업(일반·업종·지역 특정),I3 보조금(사업비 보조·매칭),K10 고용장려금·인건비·공제 지급,1,1400.0,녹색융합클러스터육성지원
C. 수출·해외진출 촉진,"T8 수요·제도 연계 사업체 및 공공기관(수요기업, 설비 설치자, 지자체 등)",I6 혼합(출연+보조+직접 등 복수 형태),K2 산업 생태계·협력 기반 조성(플랫폼·네트워크),1,1400.0,한국안경산업고도화육성
C. 수출·해외진출 촉진,T7 일반 국민·산업 종사자·창작자,I6 혼합(출연+보조+직접 등 복수 형태),K6 해외진출·수출 지원(전시·상담·현지화),1,1388.0,기상기업지원
C. 수출·해외진출 촉진,T9 농어업인·농식품·수산업체,I3 보조금(사업비 보조·매칭),K3 지역·사회적경제·창업 활성화 프로그램,1,1231.0,민간육종가 지원
C. 수출·해외진출 촉진,T7 일반 국민·산업 종사자·창작자,I3 보조금(사업비 보조·매칭),K8 컨설팅·인증·시험·홍보 서비스 제공,2,1230.0,재난안전기업 사업화 역량강화 컨설팅 지원 및 선도 재난안전기업 역량강화 지원 / 재난안전기업 판로개척 지원(통합한국관 운영사업)
A. 기술혁신 촉진(개발·실증·사업화),"T2 중소·벤처기업(특정 요건·단계: 글로벌 진출 희망, 인증, 재직자 등)",I1 R&D 과제 출연(연구개발비),K2 산업 생태계·협력 기반 조성(플랫폼·네트워크),1,1200.0,재난안전 맞춤형 사업화 지원
H. 경영역량 강화·사업화 지원(컨설팅·마케팅·디자인),T1 중소·중견기업(일반·업종·지역 특정),I3 보조금(사업비 보조·매칭),K7 사업비용 보조(전시·인증·컨설팅·기술도입 비용),1,944.0,혁신형 중소기업 방송광고 활성화 지원
H. 경영역량 강화·사업화 지원(컨설팅·마케팅·디자인),"T8 수요·제도 연계 사업체 및 공공기관(수요기업, 설비 설치자, 지자체 등)",I3 보조금(사업비 보조·매칭),K5 창업 사업화자금·투자연계·보육,1,900.0,에너지특화기업사업화지원
B. 창업·벤처 육성,T1 중소·중견기업(일반·업종·지역 특정),I8 보증·보험(신용보강),K8 컨설팅·인증·시험·홍보 서비스 제공,1,857.0,기보벤처캠프
A. 기술혁신 촉진(개발·실증·사업화),"T2 중소·벤처기업(특정 요건·단계: 글로벌 진출 희망, 인증, 재직자 등)",I1 R&D 과제 출연(연구개발비),K1 기술개발 과제 수행(연구개발비),1,800.0,재난안전 융합기술 고도화 지원
D. 자금조달·경영안정 지원(융자·보증·비용보전),"T2 중소·벤처기업(특정 요건·단계: 글로벌 진출 희망, 인증, 재직자 등)",I6 혼합(출연+보조+직접 등 복수 형태),K3 지역·사회적경제·창업 활성화 프로그램,1,800.0,사회적기업 자금지원
G. 고용 창출·유지 및 노동환경 개선,"T2 중소·벤처기업(특정 요건·단계: 글로벌 진출 희망, 인증, 재직자 등)",I6 혼합(출연+보조+직접 등 복수 형태),K8 컨설팅·인증·시험·홍보 서비스 제공,1,800.0,청년일자리 강소기업 선정
E. 생산기반 현대화·친환경 전환(시설·설비),"T8 수요·제도 연계 사업체 및 공공기관(수요기업, 설비 설치자, 지자체 등)",I4 융자(정책자금 대출),K1 기술개발 과제 수행(연구개발비),1,780.0,분산에너지국제인증지원
A. 기술혁신 촉진(개발·실증·사업화),"T8 수요·제도 연계 사업체 및 공공기관(수요기업, 설비 설치자, 지자체 등)",I2 출연(기관 운영·인프라·위탁 서비스),K2 산업 생태계·협력 기반 조성(플랫폼·네트워크),1,750.0,수요발굴지원단운영
H. 경영역량 강화·사업화 지원(컨설팅·마케팅·디자인),"T2 중소·벤처기업(특정 요건·단계: 글로벌 진출 희망, 인증, 재직자 등)",I8 보증·보험(신용보강),K8 컨설팅·인증·시험·홍보 서비스 제공,1,654.0,직무발명활성화
A. 기술혁신 촉진(개발·실증·사업화),T7 일반 국민·산업 종사자·창작자,I10 직접 수행(직접사업),K8 컨설팅·인증·시험·홍보 서비스 제공,1,630.0,의약품 허가특허연계제도 운영
F. 전문인력 양성·채용 지원,"T2 중소·벤처기업(특정 요건·단계: 글로벌 진출 희망, 인증, 재직자 등)",I2 출연(기관 운영·인프라·위탁 서비스),K9 교육·훈련 과정 운영,1,628.0,지역산업SW인재양성기반조성
A. 기술혁신 촉진(개발·실증·사업화),"T2 중소·벤처기업(특정 요건·단계: 글로벌 진출 희망, 인증, 재직자 등)",I3 보조금(사업비 보조·매칭),K2 산업 생태계·협력 기반 조성(플랫폼·네트워크),1,605.0,특정물질 기술지원 및 관리체계구축
F. 전문인력 양성·채용 지원,"T8 수요·제도 연계 사업체 및 공공기관(수요기업, 설비 설치자, 지자체 등)",I2 출연(기관 운영·인프라·위탁 서비스),K9 교육·훈련 과정 운영,1,572.0,국가첨단전략산업특화단지인력양성지원
B. 창업·벤처 육성,T1 중소·중견기업(일반·업종·지역 특정),I10 직접 수행(직접사업),K3 지역·사회적경제·창업 활성화 프로그램,1,550.0,기술·경영지도지원
H. 경영역량 강화·사업화 지원(컨설팅·마케팅·디자인),"T2 중소·벤처기업(특정 요건·단계: 글로벌 진출 희망, 인증, 재직자 등)",I3 보조금(사업비 보조·매칭),K8 컨설팅·인증·시험·홍보 서비스 제공,1,525.0,식물백신 품질 고도화 지원
B. 창업·벤처 육성,"T2 중소·벤처기업(특정 요건·단계: 글로벌 진출 희망, 인증, 재직자 등)",I2 출연(기관 운영·인프라·위탁 서비스),K3 지역·사회적경제·창업 활성화 프로그램,1,520.0,ICT벤처･투자사협력네트워크구축･운영
B. 창업·벤처 육성,T9 농어업인·농식품·수산업체,I1 R&D 과제 출연(연구개발비),K2 산업 생태계·협력 기반 조성(플랫폼·네트워크),1,500.0,농식품 우수 융복합기술 창업 활성화 지원
E. 생산기반 현대화·친환경 전환(시설·설비),T0 수혜대상 미기재,I0 지원형태 미기재,K0 내용 미기재,1,500.0,제조시설개보수자금
A. 기술혁신 촉진(개발·실증·사업화),"T8 수요·제도 연계 사업체 및 공공기관(수요기업, 설비 설치자, 지자체 등)",I6 혼합(출연+보조+직접 등 복수 형태),K8 컨설팅·인증·시험·홍보 서비스 제공,1,500.0,퍼스널케어융합얼라이언스육성
H. 경영역량 강화·사업화 지원(컨설팅·마케팅·디자인),"T2 중소·벤처기업(특정 요건·단계: 글로벌 진출 희망, 인증, 재직자 등)",I3 보조금(사업비 보조·매칭),K9 교육·훈련 과정 운영,1,375.0,소규모 식품업체 맞춤형 현장지도
E. 생산기반 현대화·친환경 전환(시설·설비),T1 중소·중견기업(일반·업종·지역 특정),I3 보조금(사업비 보조·매칭),K7 사업비용 보조(전시·인증·컨설팅·기술도입 비용),1,302.0,중소기업우수제품전파인증시험비용지원
H. 경영역량 강화·사업화 지원(컨설팅·마케팅·디자인),T1 중소·중견기업(일반·업종·지역 특정),I3 보조금(사업비 보조·매칭),K1 기술개발 과제 수행(연구개발비),1,300.0,공급망컨설팅 지원
A. 기술혁신 촉진(개발·실증·사업화),"T8 수요·제도 연계 사업체 및 공공기관(수요기업, 설비 설치자, 지자체 등)",I6 혼합(출연+보조+직접 등 복수 형태),K1 기술개발 과제 수행(연구개발비),1,300.0,3D융합안경테제조기반구축
A. 기술혁신 촉진(개발·실증·사업화),T9 농어업인·농식품·수산업체,I3 보조금(사업비 보조·매칭),K3 지역·사회적경제·창업 활성화 프로그램,1,288.0,산학연 네트워크 구축
E. 생산기반 현대화·친환경 전환(시설·설비),"T8 수요·제도 연계 사업체 및 공공기관(수요기업, 설비 설치자, 지자체 등)",I10 직접 수행(직접사업),K8 컨설팅·인증·시험·홍보 서비스 제공,1,231.0,인증제품 판로지원 및 확산
A. 기술혁신 촉진(개발·실증·사업화),T1 중소·중견기업(일반·업종·지역 특정),I3 보조금(사업비 보조·매칭),K8 컨설팅·인증·시험·홍보 서비스 제공,1,219.0,중소기업전파공동엔지니어링랩운영지원
E. 생산기반 현대화·친환경 전환(시설·설비),T7 일반 국민·산업 종사자·창작자,I3 보조금(사업비 보조·매칭),K3 지역·사회적경제·창업 활성화 프로그램,1,200.0,물산업 우수제품 지정제도
E. 생산기반 현대화·친환경 전환(시설·설비),T1 중소·중견기업(일반·업종·지역 특정),I3 보조금(사업비 보조·매칭),K11 환경·안전 설비 구축 및 관리,1,173.0,고출력전자파침해대응산업활성화
G. 고용 창출·유지 및 노동환경 개선,"T2 중소·벤처기업(특정 요건·단계: 글로벌 진출 희망, 인증, 재직자 등)",I3 보조금(사업비 보조·매칭),K8 컨설팅·인증·시험·홍보 서비스 제공,1,130.0,알선‧상담사업지원비
C. 수출·해외진출 촉진,T9 농어업인·농식품·수산업체,I10 직접 수행(직접사업),K6 해외진출·수출 지원(전시·상담·현지화),1,100.0,조경박람회개최
A. 기술혁신 촉진(개발·실증·사업화),T9 농어업인·농식품·수산업체,I3 보조금(사업비 보조·매칭),K2 산업 생태계·협력 기반 조성(플랫폼·네트워크),1,88.0,수산연관우수기술사업화자금지원
