대상유형,I0 지원형태 미기재,I1 R&D 과제 출연(연구개발비),I10 직접 수행(직접사업),I2 출연(기관 운영·인프라·위탁 서비스),I3 보조금(사업비 보조·매칭),I4 융자(정책자금 대출),I5 장려금·수당 직접지급,I6 혼합(출연+보조+직접 등 복수 형태),I8 보증·보험(신용보강),I9 바우처
T0 수혜대상 미기재,100500.0,0.0,0.0,0.0,0.0,606000.0,0.0,0.0,0.0,0.0
T1 중소·중견기업(일반·업종·지역 특정),0.0,1026327.0,125382.0,83240.0,127290.0,4939032.0,0.0,509480.0,186526.0,369749.0
T10 보증·보험 이용기업 및 금융기관,0.0,0.0,0.0,70500.0,0.0,0.0,0.0,0.0,4050622.0,0.0
"T2 중소·벤처기업(특정 요건·단계: 글로벌 진출 희망, 인증, 재직자 등)",0.0,31353.0,32236.0,201623.0,382498.0,658785.0,923330.0,72121.0,108407.0,79094.0
T3 예비창업자·창업기업,0.0,3200.0,0.0,6822.0,231311.0,0.0,0.0,308206.0,145622.0,0.0
T4 소상공인·소공인,0.0,0.0,25931.0,0.0,612429.0,3362000.0,0.0,0.0,168128.0,6694.0
T5 산학연 연구수행기관(기업·대학·연구소 컨소시엄),6228.0,4276939.0,0.0,385196.0,0.0,0.0,0.0,16244.0,0.0,6900.0
T6 사업주·근로자(고용·산재보험 가입),0.0,0.0,21544.0,608235.0,228771.0,576072.0,509454.0,253677.0,0.0,0.0
T7 일반 국민·산업 종사자·창작자,0.0,4537.0,74446.0,13823.0,469688.0,0.0,0.0,11311.0,0.0,33362.0
"T8 수요·제도 연계 사업체 및 공공기관(수요기업, 설비 설치자, 지자체 등)",0.0,137840.0,4530.0,112824.0,106928.0,1190208.0,0.0,198293.0,130750.0,16493.0
T9 농어업인·농식품·수산업체,0.0,57727.0,0.0,28141.0,225502.0,428161.0,0.0,0.0,0.0,40433.0
