대상유형,건수 2024,건수 2025,건수 2026,예산 2024(조원),예산 2025(조원),예산 2026(조원),비중 2024(%),비중 2025(%),비중 2026(%),증감률 24→26(%),건당 예산 2026(억원),소관 수 2026
T0 수혜대상 미기재,15,25,8,0.34,0.76,0.71,1.2,2.6,2.4,109.1,883.0,1
T1 중소·중견기업(일반·업종·지역 특정),113,98,101,7.14,7.27,7.37,25.3,25.2,24.8,3.2,729.0,7
T10 보증·보험 이용기업 및 금융기관,7,7,7,4.31,4.62,4.12,15.3,16.0,13.9,-4.5,5887.0,2
"T2 중소·벤처기업(특정 요건·단계: 글로벌 진출 희망, 인증, 재직자 등)",64,70,86,2.11,2.25,2.49,7.5,7.8,8.4,18.1,289.0,13
T3 예비창업자·창업기업,19,20,26,0.24,0.57,0.7,0.9,2.0,2.3,184.6,267.0,6
T4 소상공인·소공인,24,21,21,4.6,4.76,4.18,16.3,16.5,14.0,-9.3,1988.0,3
T5 산학연 연구수행기관(기업·대학·연구소 컨소시엄),251,202,150,3.97,4.12,4.69,14.1,14.3,15.8,18.2,313.0,8
T6 사업주·근로자(고용·산재보험 가입),34,32,23,1.92,2.0,2.2,6.8,6.9,7.4,14.4,956.0,2
T7 일반 국민·산업 종사자·창작자,60,51,45,0.54,0.51,0.61,1.9,1.8,2.0,11.9,135.0,12
"T8 수요·제도 연계 사업체 및 공공기관(수요기업, 설비 설치자, 지자체 등)",62,58,62,1.6,1.29,1.9,5.7,4.5,6.4,18.8,306.0,12
T9 농어업인·농식품·수산업체,61,44,57,1.45,0.69,0.78,5.1,2.4,2.6,-46.0,137.0,5
