유형,군집,건수,2026 건수,2026 예산(억원),주요 목적유형,핵심어,대표 서술,대표 사업(2026 예산순)
T0 수혜대상 미기재,C2,77,0,0.0,"A19, C15, 유13",미기재,(미기재),
T1 중소·중견기업(일반·업종·지역 특정),C0,174,45,9869.0,"A57, 유43, C24","중소, 중견, 전파, 기반, 환경, 해양, 국가, 수출, 수산, 복합",해양수산 중소·중견기업 등 | 중소환경기업 등 | 국내 전파기반 및 융복합 분야 중소기업 및 국가 주요기반시설 등,미래환경산업육성융자 / 수출바우처 / 융자금
T1 중소·중견기업(일반·업종·지역 특정),C3,206,57,63855.0,"D50, A45, B34","중소, 창업, 지역, 중견기업, 벤처, 중견, 제조",중소기업 | 지역 중소기업 | 창업기업,창업기반지원 / TIPS / 혁신성장지원
"T2 중소·벤처기업(특정 요건·단계: 글로벌 진출 희망, 인증, 재직자 등)",C11,263,84,24821.0,"유52, A42, G39","중소, 대학, 벤처, 기관, 희망, 창업, 국민, 중견, 사업자, 진출","창업초기기업, 글로벌 진출 희망 중소기업, 벤처기업 등 | 창업초기기업, 글로벌 진출 희망기업, 중소·벤처기업 등 | IoT중소·중견기업, 지자체·공공기관, 기타 비영리기관 등",청년일자리도약장려금 / 관광사업체 융자지원 / 제약산업 경쟁력 강화
T3 예비창업자·창업기업,C9,70,26,6952.0,"B46, H11, G6","예비, 창업자, 창업, 벤처, 여성, 관광, 상공인, 초기, 장애인, 사업자","예비창업자 및 소상공인 | 여성(예비)창업자 및 여성기업 | 예비창업자, 창업초기 관광사업자 및 관광관련 중소기업 등",창업패키지 / 초격차스타트업프로젝트 / 창업중심대학
T4 소상공인·소공인,C12,95,21,41752.0,"H33, 유18, A15","상공인, 예비, 공인, 기본법, 지역, 소상공인협업체, 폐업, 도시, 특별법, 이공","소상공인 | (예비)소상공인, (예비)소상공인협업체 | 소상공인, 지역 방송사업자, 지역 광고대행사 및 제작사",특별경영안정자금 / 일반경영안정자금 / 성장기반자금
T5 산학연 연구수행기관(기업·대학·연구소 컨소시엄),C1,135,26,2403.0,"A122, B5, 유5","대학, 출연연, 출연, 기관, 연구, 민간, 정부, 특정, 국민, 연구소","대학, 기업, 출연연 등 | 기업, 대학, 정부 출연연구기관·특정연구기관 등 | 대학, 출연(연), 기업 등",기반구축 / 차세대무선통신 / 전파·위성
T5 산학연 연구수행기관(기업·대학·연구소 컨소시엄),C10,90,25,12426.0,"A80, C6, H4","기관, 연구, 주관, 대학, 공동, 참여, 필요, 연구소, 중견, 중소","(주관/공동연구개발기관) 기업, 대학, 연구기관 등 | (주관기관) 중소기업, (참여기관) 필요시 중소기업, 대학, 연구기관 등 | (주관기관) 지역 중소기업, (공동개발기관) 대학, 기업, 연구소 등",스케일업팁스 / 글로벌선도기술개발 / 중소기업유망기술개발
T5 산학연 연구수행기관(기업·대학·연구소 컨소시엄),C14,40,8,973.0,"A27, F5, C4","기관, 기타, 문화, 예술, 콘텐츠, 오픈, 스마트, 공장, 주관, SW",산․학․연 R&D 관련 기관 | 산・학・연 등 | 산·학·연·기타,K-콘텐츠 제작 기술개발 / 에너지기술선도국제공동연구 / 글로벌시장개척국제공동연구
T5 산학연 연구수행기관(기업·대학·연구소 컨소시엄),C6,359,90,31073.0,"A323, C13, 유13","대학, 연구소, 기관, 연구, 산업체, 중소, 중견, 지역, 병원, 공모","기업, 대학, 연구소 등 | 기업, 연구소, 대학, 병원 등 | 기업, 대학, 연구기관 등",소재부품패키지형 / 소재부품투자연계 / 소재부품기술기반혁신
T6 사업주·근로자(고용·산재보험 가입),C4,89,23,21978.0,"G67, D14, E6","사업주, 근로자, 고용, 보험, 가입, 산재, 안정, 장려금, 참여, 신청서",산재보험가입 사업주 및 근로자 | 고용보험 가입 사업주 및 근로자 | 고용안정장려금 지원 사업 참여신청서 및 사업계획서를 제출하여 승인받은 사업주와 소속 근로자,산재예방시설융자(융자) / 출산육아기 고용안정장려금 / 안전동행지원사업
T7 일반 국민·산업 종사자·창작자,C13,34,10,579.0,"E16, 유6, A4","국민, 일반",전 국민 | 일반국민 | 전국민,AX창업허브 / 의료 AI 상용화 지원 / 유증기 회수설비 형식 인증 및 사후관리
T7 일반 국민·산업 종사자·창작자,C5,155,36,5533.0,"A36, 유30, C21","국민, 일반, 종사자, 콘텐츠, 산업, 업계, 지역, 단체, 제작사, 환경","광주광역시, 일반 국민, 문화예술종사자 등 | 드론을 안전하게 이용하고자 하는 국민 및 관련 업계 | 지역 콘텐츠 창작자 및 기업, 콘텐츠 이용자",온실가스 감축기반 구축 / 스마트 생태공장 구축 / 방송영상콘텐츠제작지원
"T8 제도·수요 연계 사업체 및 공공기관(보증 이용기업, 수요기업, 지자체 등)",C7,234,69,60190.0,"A98, C37, 유33","기관, 산업, 업체, 연구, 국가, SW, 전문, AI, 수요, 의료",보증 이용 기업 및 채권기관 | 지자체 및 생활소비재 관련 기업 등 | ICT 융합 분야 기업·국민,일반보증대위변제 / 생산및시설자금 / 유동화회사보증대위변제
T9 농어업인·농식품·수산업체,C15,76,25,2394.0,"A40, E13, 유9","업체, 농업, 법인, 대학, 연구소, 농산, 회사, 농업인, 어업인, 어업법인","농산업체, 대학, 기업, 연구소, 농업회사법인 등 | 농산업체, 대학, 연구소, 기업, 농업회사법인 등 | 농업인, 농업법인",수산물수매지원 / 가공시설및운영 / 기술사업화지원
T9 농어업인·농식품·수산업체,C8,92,41,12491.0,"C34, E19, D14","식품, 업체, 수출, 제조, 사업자, 종사자, 가공, 생산자, 농업인, 임산물","농식품 분야 기술 및 아이디어를 보유한 벤처·창업 기업 및 예비창업자 | 생산자, 소비자, 도매시장 종사자(법인, 중도매인 등), 농산물 유통인 등 | 식품제조가공업체 및 외식업체, 농공상융합형중소기업",운영 / 우수수산물지원 / 사료원료구매자금
