소관,K0 내용 미기재,K1 기술개발 과제 수행(연구개발비),K10 고용장려금·인건비·공제 지급,K11 환경·안전 설비 구축 및 관리,K2 산업 생태계·협력 기반 조성(플랫폼·네트워크),K3 지역·사회적경제·창업 활성화 프로그램,K4 자금 융자·보증 제공(운전·시설자금),K5 창업 사업화자금·투자연계·보육,K6 해외진출·수출 지원(전시·상담·현지화),K7 사업비용 보조(전시·인증·컨설팅·기술도입 비용),K8 컨설팅·인증·시험·홍보 서비스 제공,K9 교육·훈련 과정 운영,합계
중소벤처기업부,0.0,5207.0,674.0,126.0,5027.0,1857.0,79160.0,23686.0,781.0,4937.0,4084.0,350.0,125889.0
금융위원회,0.0,0.0,0.0,0.0,0.0,0.0,36506.0,0.0,0.0,0.0,92.0,0.0,36598.0
산업통상부,0.0,19508.0,0.0,29.0,5481.0,187.0,4880.0,158.0,1223.0,2738.0,124.0,178.0,34508.0
고용노동부,0.0,356.0,16695.0,5718.0,0.0,0.0,5542.0,362.0,0.0,423.0,691.0,3900.0,33688.0
기후에너지환경부,0.0,4697.0,14.0,11540.0,20.0,2.0,6650.0,348.0,182.0,774.0,1455.0,0.0,25683.0
문화체육관광부,0.0,240.0,0.0,0.0,99.0,1164.0,9455.0,591.0,586.0,350.0,485.0,0.0,12970.0
농림축산식품부,7065.0,788.0,79.0,380.0,28.0,12.0,1166.0,339.0,1290.0,433.0,183.0,0.0,11764.0
과학기술정보통신부,0.0,5164.0,138.0,0.0,539.0,5.0,0.0,214.0,345.0,1301.0,573.0,6.0,8284.0
해양수산부,0.0,553.0,0.0,135.0,1.0,121.0,2808.0,60.0,30.0,32.0,0.0,0.0,3740.0
보건복지부,0.0,130.0,0.0,0.0,0.0,1563.0,0.0,0.0,18.0,0.0,0.0,0.0,1711.0
국토교통부,0.0,523.0,0.0,0.0,68.0,149.0,360.0,0.0,38.0,0.0,0.0,0.0,1139.0
지식재산처,0.0,302.0,0.0,0.0,100.0,0.0,0.0,0.0,0.0,36.0,62.0,0.0,500.0
우주항공청,62.0,110.0,0.0,0.0,32.0,0.0,0.0,0.0,0.0,0.0,0.0,0.0,204.0
식품의약품안전처,0.0,160.0,0.0,36.0,0.0,0.0,0.0,0.0,0.0,0.0,0.0,4.0,201.0
행정안전부,0.0,29.0,0.0,0.0,66.0,46.0,0.0,0.0,0.0,0.0,12.0,0.0,153.0
조달청,0.0,80.0,0.0,0.0,0.0,0.0,0.0,0.0,43.0,0.0,0.0,0.0,123.0
산림청,0.0,0.0,0.0,45.0,0.0,0.0,0.0,0.0,31.0,0.0,0.0,0.0,76.0
방송미디어통신위원회,0.0,0.0,0.0,0.0,0.0,0.0,0.0,0.0,0.0,21.0,0.0,0.0,21.0
성평등가족부,0.0,0.0,0.0,0.0,0.0,0.0,0.0,0.0,0.0,0.0,0.0,21.0,21.0
기상청,0.0,0.0,0.0,0.0,0.0,0.0,0.0,0.0,14.0,0.0,0.0,0.0,14.0
