내용유형,소관,세부사업명,내역사업명,내역예산,대분류
K4 자금 융자·보증 제공(운전·시설자금),금융위원회,일반보증 대위변제,일반보증대위변제,2693940.0,D. 자금조달·경영안정 지원(융자·보증·비용보전)
K4 자금 융자·보증 제공(운전·시설자금),중소벤처기업부,소상공인지원(융자),특별경영안정자금,1350000.0,D. 자금조달·경영안정 지원(융자·보증·비용보전)
K4 자금 융자·보증 제공(운전·시설자금),중소벤처기업부,혁신창업사업화자금(융자),창업기반지원,1305800.0,D. 자금조달·경영안정 지원(융자·보증·비용보전)
K4 자금 융자·보증 제공(운전·시설자금),중소벤처기업부,소상공인지원(융자),일반경영안정자금,1220000.0,D. 자금조달·경영안정 지원(융자·보증·비용보전)
K1 기술개발 과제 수행(연구개발비),산업통상부,소재부품기술개발(R&D),소재부품패키지형,928210.0,A. 기술혁신 촉진(개발·실증·사업화)
K10 고용장려금·인건비·공제 지급,고용노동부,청년일자리창출지원,청년일자리도약장려금,907959.0,G. 고용 창출·유지 및 노동환경 개선
K5 창업 사업화자금·투자연계·보육,중소벤처기업부,창업성장기술개발(R&D),TIPS,668391.0,B. 창업·벤처 육성
K7 사업비용 보조(전시·인증·컨설팅·기술도입 비용),중소벤처기업부,소상공인성장지원,소상공인경영안정바우처,579005.0,D. 자금조달·경영안정 지원(융자·보증·비용보전)
K0 내용 미기재,농림축산식품부,농식품글로벌육성지원자금(융자),운영,500000.0,C. 수출·해외진출 촉진
K10 고용장려금·인건비·공제 지급,고용노동부,고용안정장려금,출산육아기 고용안정장려금,359488.0,G. 고용 창출·유지 및 노동환경 개선
K2 산업 생태계·협력 기반 조성(플랫폼·네트워크),산업통상부,소재부품기술개발(R&D),소재부품투자연계,344124.0,A. 기술혁신 촉진(개발·실증·사업화)
K11 환경·안전 설비 구축 및 관리,고용노동부,클린사업장조성지원,안전동행지원사업,332000.0,G. 고용 창출·유지 및 노동환경 개선
K8 컨설팅·인증·시험·홍보 서비스 제공,중소벤처기업부,ICT융합스마트공장보급·확산,제조혁신구축지원,317290.0,A. 기술혁신 촉진(개발·실증·사업화)
K5 창업 사업화자금·투자연계·보육,중소벤처기업부,소상공인재기지원,희망리턴패키지,305550.0,H. 경영역량 강화·사업화 지원(컨설팅·마케팅·디자인)
K11 환경·안전 설비 구축 및 관리,기후에너지환경부,미래환경산업육성융자,미래환경산업육성융자,297170.0,D. 자금조달·경영안정 지원(융자·보증·비용보전)
K5 창업 사업화자금·투자연계·보육,중소벤처기업부,투·융자연계기술개발(R&D),스케일업팁스,292425.0,A. 기술혁신 촉진(개발·실증·사업화)
K1 기술개발 과제 수행(연구개발비),중소벤처기업부,중소기업기술혁신개발(R&D),글로벌선도기술개발,273993.0,C. 수출·해외진출 촉진
K11 환경·안전 설비 구축 및 관리,기후에너지환경부,에너지절약시설설치(융자),에너지절약시설설치,271510.0,E. 생산기반 현대화·친환경 전환(시설·설비)
K2 산업 생태계·협력 기반 조성(플랫폼·네트워크),중소벤처기업부,중소기업기술혁신개발(R&D),중소기업유망기술개발,220249.0,A. 기술혁신 촉진(개발·실증·사업화)
K10 고용장려금·인건비·공제 지급,고용노동부,사업주직업훈련지원금,일반훈련,210237.0,G. 고용 창출·유지 및 노동환경 개선
K1 기술개발 과제 수행(연구개발비),산업통상부,소재부품산업기술개발기반구축(R&D),소재부품기술기반혁신,196457.0,A. 기술혁신 촉진(개발·실증·사업화)
K5 창업 사업화자금·투자연계·보육,중소벤처기업부,창업사업화지원,창업패키지,195187.0,B. 창업·벤처 육성
K1 기술개발 과제 수행(연구개발비),산업통상부,자동차산업기술개발(R&D),그린카,161942.0,A. 기술혁신 촉진(개발·실증·사업화)
K11 환경·안전 설비 구축 및 관리,고용노동부,클린사업장조성지원,안전일터조성지원,160607.0,G. 고용 창출·유지 및 노동환경 개선
K9 교육·훈련 과정 운영,고용노동부,국가인적자원개발컨소시엄지원,산업맞춤형,154840.0,G. 고용 창출·유지 및 노동환경 개선
K7 사업비용 보조(전시·인증·컨설팅·기술도입 비용),산업통상부,수출지원기반활용(산업부),통합지원사업,154312.0,C. 수출·해외진출 촉진
K7 사업비용 보조(전시·인증·컨설팅·기술도입 비용),중소벤처기업부,수출지원기반활용사업,수출바우처,150203.0,C. 수출·해외진출 촉진
K9 교육·훈련 과정 운영,고용노동부,산업현장일학습병행지원,일학습병행훈련비,129277.0,G. 고용 창출·유지 및 노동환경 개선
K3 지역·사회적경제·창업 활성화 프로그램,중소벤처기업부,민관협력창업자육성,민관공동창업자발굴육성,123656.0,B. 창업·벤처 육성
K3 지역·사회적경제·창업 활성화 프로그램,보건복지부,바이오헬스산업 육성 지원,제약산업 경쟁력 강화,119418.0,F. 전문인력 양성·채용 지원
K2 산업 생태계·협력 기반 조성(플랫폼·네트워크),중소벤처기업부,창업성장기술개발(R&D),디딤돌,118028.0,A. 기술혁신 촉진(개발·실증·사업화)
K8 컨설팅·인증·시험·홍보 서비스 제공,기후에너지환경부,에너지수요관리핵심기술개발(R&D),에너지효율혁신기술개발,115623.0,A. 기술혁신 촉진(개발·실증·사업화)
K0 내용 미기재,농림축산식품부,사료산업종합지원,사료원료구매자금,100000.0,D. 자금조달·경영안정 지원(융자·보증·비용보전)
K2 산업 생태계·협력 기반 조성(플랫폼·네트워크),산업통상부,국가첨단전략산업기술혁신융자,국가첨단전략산업기술혁신 융자,90000.0,D. 자금조달·경영안정 지원(융자·보증·비용보전)
K6 해외진출·수출 지원(전시·상담·현지화),농림축산식품부,농식품글로벌경쟁력강화,농식품우수기업육성,79795.0,C. 수출·해외진출 촉진
K7 사업비용 보조(전시·인증·컨설팅·기술도입 비용),중소벤처기업부,소상공인스마트화지원,소상공인온라인판로지원,78719.0,H. 경영역량 강화·사업화 지원(컨설팅·마케팅·디자인)
K6 해외진출·수출 지원(전시·상담·현지화),중소벤처기업부,투·융자연계기술개발(R&D),글로벌팁스,74706.0,C. 수출·해외진출 촉진
K10 고용장려금·인건비·공제 지급,고용노동부,고용유지지원금,고용유지지원금,70205.0,G. 고용 창출·유지 및 노동환경 개선
K9 교육·훈련 과정 운영,고용노동부,산업현장일학습병행지원,일학습병행공동훈련센터,68516.0,G. 고용 창출·유지 및 노동환경 개선
K8 컨설팅·인증·시험·홍보 서비스 제공,중소벤처기업부,재도약촉진,사업전환촉진,66845.0,H. 경영역량 강화·사업화 지원(컨설팅·마케팅·디자인)
K3 지역·사회적경제·창업 활성화 프로그램,문화체육관광부,방송영상콘텐츠산업 육성,방송영상콘텐츠제작지원,64387.0,C. 수출·해외진출 촉진
K8 컨설팅·인증·시험·홍보 서비스 제공,조달청,조달물자 구매 및 관리지원(자본),공공혁신조달사업(국내실증),62400.0,A. 기술혁신 촉진(개발·실증·사업화)
K6 해외진출·수출 지원(전시·상담·현지화),문화체육관광부,게임산업 육성,게임기업 육성,51578.0,C. 수출·해외진출 촉진
K0 내용 미기재,농림축산식품부,도매유통활성화(융자),농산물온라인거래출하촉진,50000.0,D. 자금조달·경영안정 지원(융자·보증·비용보전)
K3 지역·사회적경제·창업 활성화 프로그램,보건복지부,바이오헬스산업 육성 지원,화장품산업 경쟁력 강화,44138.0,F. 전문인력 양성·채용 지원
K6 해외진출·수출 지원(전시·상담·현지화),산업통상부,유통기업 해외진출지원,유통기업 해외진출지원,38000.0,C. 수출·해외진출 촉진
K9 교육·훈련 과정 운영,고용노동부,사업주직업훈련지원금,현장맞춤형체계적훈련,35899.0,G. 고용 창출·유지 및 노동환경 개선
K0 내용 미기재,농림축산식품부,도매유통활성화(융자),도매시장출하촉진,31000.0,D. 자금조달·경영안정 지원(융자·보증·비용보전)
