수단유형,소관,세부사업명,내역사업명,내역예산,대분류
I8 보증·보험(신용보강),금융위원회,일반보증 대위변제,일반보증대위변제,2693940.0,D. 자금조달 지원(융자·보증·투자)
I4 융자(정책자금 대출),중소벤처기업부,소상공인지원(융자),특별경영안정자금,1350000.0,D. 자금조달 지원(융자·보증·투자)
I4 융자(정책자금 대출),중소벤처기업부,혁신창업사업화자금(융자),창업기반지원,1305800.0,D. 자금조달 지원(융자·보증·투자)
I4 융자(정책자금 대출),중소벤처기업부,소상공인지원(융자),일반경영안정자금,1220000.0,D. 자금조달 지원(융자·보증·투자)
I1 R&D 과제 출연(연구개발비),산업통상부,소재부품기술개발(R&D),소재부품패키지형,928210.0,A. 기술혁신 촉진(개발·실증·사업화)
I5 장려금·수당 직접지급,고용노동부,청년일자리창출지원,청년일자리도약장려금,907959.0,G. 고용 창출·유지 및 노동환경 개선
I4 융자(정책자금 대출),중소벤처기업부,소상공인지원(융자),성장기반자금,792000.0,D. 자금조달 지원(융자·보증·투자)
I1 R&D 과제 출연(연구개발비),중소벤처기업부,창업성장기술개발(R&D),TIPS,668391.0,B. 창업·벤처 육성
I8 보증·보험(신용보강),금융위원회,유동화회사보증 대위변제,유동화회사보증대위변제,438446.0,D. 자금조달 지원(융자·보증·투자)
I8 보증·보험(신용보강),산업통상부,무역보험금지급,무역보험금지급,400021.0,D. 자금조달 지원(융자·보증·투자)
I5 장려금·수당 직접지급,고용노동부,고용안정장려금,출산육아기 고용안정장려금,359488.0,G. 고용 창출·유지 및 노동환경 개선
I1 R&D 과제 출연(연구개발비),산업통상부,소재부품기술개발(R&D),소재부품투자연계,344124.0,A. 기술혁신 촉진(개발·실증·사업화)
I2 출연(기관 운영·인프라·위탁 서비스),고용노동부,클린사업장조성지원,안전동행지원사업,332000.0,G. 고용 창출·유지 및 노동환경 개선
I3 보조금(사업비 보조·매칭),중소벤처기업부,소상공인재기지원,희망리턴패키지,305550.0,H. 경영역량 강화·사업화 지원(컨설팅·마케팅·디자인)
I1 R&D 과제 출연(연구개발비),중소벤처기업부,투·융자연계기술개발(R&D),스케일업팁스,292425.0,A. 기술혁신 촉진(개발·실증·사업화)
I8 보증·보험(신용보강),금융위원회,팩토링금융,팩토링금융,250200.0,D. 자금조달 지원(융자·보증·투자)
I6 혼합(출연+보조+직접 등 복수 형태),고용노동부,사업주직업훈련지원금,일반훈련,210237.0,G. 고용 창출·유지 및 노동환경 개선
I6 혼합(출연+보조+직접 등 복수 형태),중소벤처기업부,창업사업화지원,창업패키지,195187.0,B. 창업·벤처 육성
I2 출연(기관 운영·인프라·위탁 서비스),고용노동부,클린사업장조성지원,안전일터조성지원,160607.0,G. 고용 창출·유지 및 노동환경 개선
I3 보조금(사업비 보조·매칭),고용노동부,국가인적자원개발컨소시엄지원,산업맞춤형,154840.0,G. 고용 창출·유지 및 노동환경 개선
I9 바우처,산업통상부,수출지원기반활용(산업부),통합지원사업,154312.0,C. 수출·해외진출 촉진
I9 바우처,중소벤처기업부,수출지원기반활용사업,수출바우처,150203.0,C. 수출·해외진출 촉진
I3 보조금(사업비 보조·매칭),기후에너지환경부,탄소중립 설비투자 지원(환경부),온실가스 감축기반 구축,134634.0,E. 생산기반 현대화·친환경 전환(시설·설비)
I6 혼합(출연+보조+직접 등 복수 형태),고용노동부,산업현장일학습병행지원,일학습병행훈련비,129277.0,G. 고용 창출·유지 및 노동환경 개선
I6 혼합(출연+보조+직접 등 복수 형태),중소벤처기업부,민관협력창업자육성,민관공동창업자발굴육성,123656.0,B. 창업·벤처 육성
I3 보조금(사업비 보조·매칭),보건복지부,바이오헬스산업 육성 지원,제약산업 경쟁력 강화,119418.0,F. 전문인력 양성·채용 지원
I10 직접 수행(직접사업),중소벤처기업부,창업성공패키지,창업성공패키지,102531.0,B. 창업·벤처 육성
I0 지원형태 미기재,농림축산식품부,사료산업종합지원,사료원료구매자금,100000.0,D. 자금조달 지원(융자·보증·투자)
I2 출연(기관 운영·인프라·위탁 서비스),중소벤처기업부,지역혁신선도기업육성(R&D),주력산업생태계구축,72847.0,H. 경영역량 강화·사업화 지원(컨설팅·마케팅·디자인)
I2 출연(기관 운영·인프라·위탁 서비스),고용노동부,유해작업환경개선,취약계층 고위험 환경 개선지원,71635.0,G. 고용 창출·유지 및 노동환경 개선
I5 장려금·수당 직접지급,고용노동부,고용유지지원금,고용유지지원금,70205.0,G. 고용 창출·유지 및 노동환경 개선
I9 바우처,중소벤처기업부,중소기업혁신바우처지원사업,중소기업혁신바우처지원사업,65234.0,H. 경영역량 강화·사업화 지원(컨설팅·마케팅·디자인)
I5 장려금·수당 직접지급,고용노동부,고용안정장려금,워라밸일자리 장려금,58362.0,G. 고용 창출·유지 및 노동환경 개선
I9 바우처,농림축산식품부,농식품해외시장진출,우수농식품판로개척,38036.0,C. 수출·해외진출 촉진
I10 직접 수행(직접사업),지식재산처,IP-R&D 전략지원(R&D),지재권 연계연구개발 전략지원,30216.0,A. 기술혁신 촉진(개발·실증·사업화)
I10 직접 수행(직접사업),중소벤처기업부,연수사업,연수사업,25931.0,F. 전문인력 양성·채용 지원
I10 직접 수행(직접사업),문화체육관광부,스포츠산업활성화 지원,기업경영지원,23823.0,C. 수출·해외진출 촉진
I0 지원형태 미기재,우주항공청,항공우주부품공정고도화기술개발(R&D),항공우주부품공정고도화기술개발,6228.0,A. 기술혁신 촉진(개발·실증·사업화)
I0 지원형태 미기재,농림축산식품부,사료산업종합지원,제조시설개보수자금,500.0,E. 생산기반 현대화·친환경 전환(시설·설비)
