대상유형,소관,세부사업명,내역사업명,내역예산,대분류
"T8 제도·수요 연계 사업체 및 공공기관(보증 이용기업, 수요기업, 지자체 등)",금융위원회,일반보증 대위변제,일반보증대위변제,2693940.0,D. 자금조달 지원(융자·보증·투자)
T4 소상공인·소공인,중소벤처기업부,소상공인지원(융자),특별경영안정자금,1350000.0,D. 자금조달 지원(융자·보증·투자)
T1 중소·중견기업(일반·업종·지역 특정),중소벤처기업부,혁신창업사업화자금(융자),창업기반지원,1305800.0,D. 자금조달 지원(융자·보증·투자)
T4 소상공인·소공인,중소벤처기업부,소상공인지원(융자),일반경영안정자금,1220000.0,D. 자금조달 지원(융자·보증·투자)
T5 산학연 연구수행기관(기업·대학·연구소 컨소시엄),산업통상부,소재부품기술개발(R&D),소재부품패키지형,928210.0,A. 기술혁신 촉진(개발·실증·사업화)
"T2 중소·벤처기업(특정 요건·단계: 글로벌 진출 희망, 인증, 재직자 등)",고용노동부,청년일자리창출지원,청년일자리도약장려금,907959.0,G. 고용 창출·유지 및 노동환경 개선
T4 소상공인·소공인,중소벤처기업부,소상공인지원(융자),성장기반자금,792000.0,D. 자금조달 지원(융자·보증·투자)
T1 중소·중견기업(일반·업종·지역 특정),중소벤처기업부,창업성장기술개발(R&D),TIPS,668391.0,B. 창업·벤처 육성
"T8 제도·수요 연계 사업체 및 공공기관(보증 이용기업, 수요기업, 지자체 등)",기후에너지환경부,신재생에너지금융지원(융자),생산및시설자금,648000.0,E. 생산기반 현대화·친환경 전환(시설·설비)
"T2 중소·벤처기업(특정 요건·단계: 글로벌 진출 희망, 인증, 재직자 등)",문화체육관광부,관광산업 융자지원(융자),관광사업체 융자지원,637500.0,D. 자금조달 지원(융자·보증·투자)
T6 사업주·근로자(고용·산재보험 가입),고용노동부,산재예방시설융자(융자),산재예방시설융자(융자),538840.0,D. 자금조달 지원(융자·보증·투자)
T1 중소·중견기업(일반·업종·지역 특정),중소벤처기업부,신성장기반자금(융자),혁신성장지원,510750.0,D. 자금조달 지원(융자·보증·투자)
T0 수혜대상 미기재,농림축산식품부,농식품글로벌육성지원자금(융자),운영,500000.0,C. 수출·해외진출 촉진
"T8 제도·수요 연계 사업체 및 공공기관(보증 이용기업, 수요기업, 지자체 등)",금융위원회,유동화회사보증 대위변제,유동화회사보증대위변제,438446.0,D. 자금조달 지원(융자·보증·투자)
T1 중소·중견기업(일반·업종·지역 특정),중소벤처기업부,신성장기반자금(융자),제조현장스마트화,416610.0,D. 자금조달 지원(융자·보증·투자)
"T8 제도·수요 연계 사업체 및 공공기관(보증 이용기업, 수요기업, 지자체 등)",산업통상부,무역보험금지급,무역보험금지급,400021.0,D. 자금조달 지원(융자·보증·투자)
T6 사업주·근로자(고용·산재보험 가입),고용노동부,고용안정장려금,출산육아기 고용안정장려금,359488.0,G. 고용 창출·유지 및 노동환경 개선
T5 산학연 연구수행기관(기업·대학·연구소 컨소시엄),산업통상부,소재부품기술개발(R&D),소재부품투자연계,344124.0,A. 기술혁신 촉진(개발·실증·사업화)
T6 사업주·근로자(고용·산재보험 가입),고용노동부,클린사업장조성지원,안전동행지원사업,332000.0,G. 고용 창출·유지 및 노동환경 개선
T4 소상공인·소공인,중소벤처기업부,소상공인재기지원,희망리턴패키지,305550.0,H. 경영역량 강화·사업화 지원(컨설팅·마케팅·디자인)
T5 산학연 연구수행기관(기업·대학·연구소 컨소시엄),중소벤처기업부,투·융자연계기술개발(R&D),스케일업팁스,292425.0,A. 기술혁신 촉진(개발·실증·사업화)
T5 산학연 연구수행기관(기업·대학·연구소 컨소시엄),중소벤처기업부,중소기업기술혁신개발(R&D),글로벌선도기술개발,273993.0,C. 수출·해외진출 촉진
T6 사업주·근로자(고용·산재보험 가입),고용노동부,사업주직업훈련지원금,일반훈련,210237.0,G. 고용 창출·유지 및 노동환경 개선
T3 예비창업자·창업기업,중소벤처기업부,창업사업화지원,창업패키지,195187.0,B. 창업·벤처 육성
T9 농어업인·농식품·수산업체,해양수산부,우수수산물지원(융자),우수수산물지원,156393.0,C. 수출·해외진출 촉진
T3 예비창업자·창업기업,중소벤처기업부,창업사업화지원,초격차스타트업프로젝트,145622.0,A. 기술혁신 촉진(개발·실증·사업화)
T7 일반 국민·산업 종사자·창작자,기후에너지환경부,탄소중립 설비투자 지원(환경부),온실가스 감축기반 구축,134634.0,E. 생산기반 현대화·친환경 전환(시설·설비)
"T2 중소·벤처기업(특정 요건·단계: 글로벌 진출 희망, 인증, 재직자 등)",보건복지부,바이오헬스산업 육성 지원,제약산업 경쟁력 강화,119418.0,F. 전문인력 양성·채용 지원
T0 수혜대상 미기재,농림축산식품부,사료산업종합지원,사료원료구매자금,100000.0,D. 자금조달 지원(융자·보증·투자)
"T2 중소·벤처기업(특정 요건·단계: 글로벌 진출 희망, 인증, 재직자 등)",중소벤처기업부,팩토링금융,팩토링금융,99405.0,D. 자금조달 지원(융자·보증·투자)
T9 농어업인·농식품·수산업체,해양수산부,수산물수매지원(융자),수산물수매지원,95000.0,E. 생산기반 현대화·친환경 전환(시설·설비)
T9 농어업인·농식품·수산업체,농림축산식품부,식품외식종합자금(융자),식품가공원료매입,90328.0,D. 자금조달 지원(융자·보증·투자)
T3 예비창업자·창업기업,중소벤처기업부,창업사업화지원,창업중심대학,88250.0,B. 창업·벤처 육성
T9 농어업인·농식품·수산업체,농림축산식품부,농식품글로벌경쟁력강화,농식품우수기업육성,79795.0,C. 수출·해외진출 촉진
T7 일반 국민·산업 종사자·창작자,기후에너지환경부,탄소중립 설비투자 지원(환경부),스마트 생태공장 구축,75270.0,E. 생산기반 현대화·친환경 전환(시설·설비)
T7 일반 국민·산업 종사자·창작자,문화체육관광부,방송영상콘텐츠산업 육성,방송영상콘텐츠제작지원,64387.0,C. 수출·해외진출 촉진
T7 일반 국민·산업 종사자·창작자,문화체육관광부,게임산업 육성,게임기업 육성,51578.0,C. 수출·해외진출 촉진
T0 수혜대상 미기재,농림축산식품부,도매유통활성화(융자),농산물온라인거래출하촉진,50000.0,D. 자금조달 지원(융자·보증·투자)
T3 예비창업자·창업기업,중소벤처기업부,기업가형소상공인육성,혁신소상공인도약지원,34167.0,H. 경영역량 강화·사업화 지원(컨설팅·마케팅·디자인)
T0 수혜대상 미기재,농림축산식품부,도매유통활성화(융자),도매시장출하촉진,31000.0,D. 자금조달 지원(융자·보증·투자)
