내용유형,A,B,C,D,E,F,G,H
K0 내용 미기재,34,0,12,11,16,0,2,6
K1 기술개발 과제 수행(연구개발비),610,3,11,3,2,13,5,7
K10 고용장려금·인건비·공제 지급,11,0,0,7,1,3,55,3
K11 환경·안전 설비 구축 및 관리,21,0,6,3,43,0,22,1
K2 산업 생태계·협력 기반 조성(플랫폼·네트워크),138,12,9,3,1,0,0,2
K3 지역·사회적경제·창업 활성화 프로그램,10,40,5,3,3,6,15,21
K4 자금 융자·보증 제공(운전·시설자금),3,3,10,137,22,0,1,0
K5 창업 사업화자금·투자연계·보육,15,57,10,1,2,10,6,23
K6 해외진출·수출 지원(전시·상담·현지화),4,0,85,0,3,3,0,0
K7 사업비용 보조(전시·인증·컨설팅·기술도입 비용),36,8,59,2,8,2,4,38
K8 컨설팅·인증·시험·홍보 서비스 제공,30,34,9,7,9,5,4,38
K9 교육·훈련 과정 운영,0,0,0,2,1,13,25,16
