수단유형,,보조,보조;융자,융자,직접,직접;보조,직접;융자,직접;출연,직접;출연;보조,직접;출연;보조;융자,직접;출자;출연;보조;융자,출연,출연;보조,출연;융자,출자,출자;보조
I0 지원형태 미기재,15,0,2,0,0,0,0,0,0,0,0,3,0,0,0,0
I1 R&D 과제 출연(연구개발비),7,0,0,0,0,0,0,1,0,0,0,605,0,0,1,0
I10 직접 수행(직접사업),0,0,0,0,60,0,0,1,0,0,0,0,0,0,0,0
I2 출연(기관 운영·인프라·위탁 서비스),8,0,0,0,0,0,0,0,0,0,0,398,0,0,0,0
I3 보조금(사업비 보조·매칭),24,251,0,0,0,131,0,0,0,0,0,0,2,0,0,8
I4 융자(정책자금 대출),13,0,16,107,4,0,4,0,1,1,14,1,0,5,0,0
I5 장려금·수당 직접지급,0,0,0,0,32,0,1,1,1,0,0,0,0,0,0,0
I6 혼합(출연+보조+직접 등 복수 형태),0,0,0,0,0,0,0,17,58,0,2,2,34,0,0,0
I8 보증·보험(신용보강),0,1,0,0,31,0,0,0,4,1,2,12,1,0,0,0
I9 바우처,3,14,0,0,0,5,0,0,0,0,0,13,6,0,0,0
